ID,會期,法案,提案時間,結果時間,法案結果,三讀,三讀＋二讀＋委員會審竣,三讀＋二讀＋委員會審查,黨團提案,提案人1,提案人2,提案人3,提案人4,提案人5,提案人6,提案人7,提案人8,提案人9,提案人10,提案人11,提案人12,提案人13,提案人14,提案人15,提案人16,提案人17,提案人18,提案人19,提案人20,提案人21,提案人22,提案人23,提案人24,提案人25,提案人26,提案人27,提案人28,提案人29,提案人30,提案人31,提案人32,提案人33,連署人1,連署人2,連署人3,連署人4,連署人5,連署人6,連署人7,連署人8,連署人9,連署人10,連署人11,連署人12,連署人13,連署人14,連署人15,連署人16,連署人17,連署人18,連署人19,連署人20,連署人21,連署人22,連署人23,連署人24,連署人25,連署人26,連署人27,連署人28,連署人29,連署人30,連署人31,連署人32,連署人33,連署人34,連署人35,連署人36,連署人37,連署人38,連署人39,連署人40,連署人41,連署人42,連署人43,連署人44,連署人45,連署人46,連署人47,連署人48,連署人49,連署人50,連署人51,連署人52,連署人53,連署人54,連署人55,連署人56,連署人57,連署人58,連署人59,連署人60,連署人61,連署人62,關鍵字,關係文書
15,1,身心障礙者生活津貼條例草案,2005/3/4,2005/5/31,復議,0,0,0,0,廖本煙,,,,,,,,,,,,,,,,,,,,,,,,,,,,,,,,,黃政哲,陳銀河,何敏豪,劉寬平,尹伶瑛,楊宗哲,羅志明,曾燦燈,張川田,李鎮楠,黃宗源,黃適卓,曹來旺,蔡同榮,莊碩漢,盧博基,徐國勇,黃偉哲,侯水盛,陳憲中,張花冠,張慶惠,魏明谷,蔡其昌,謝欣霓,林耘生,鄭運鵬,郭榮宗,林淑芬,鄭國忠,王世堅,林為洲,湯火聖,王拓,吳秉叡,,,,,,,,,,,,,,,,,,,,,,,,,,,,,"本院委員廖本煙等 36人,有鑒於身心障礙者及其家庭之經濟
並非十分富裕,除了非身心障礙者其及家庭的固定開銷之外
,還要負擔醫療、復健、輔具等龐大費用,然而目前我國對
身心障礙者的生活經濟安全措施,卻不能滿足身心障礙者的
所有需求,而且大部份為殘補式的服務,為保障其經濟安全
,提供身心障礙者普及式之生活津貼,特擬具「身心障礙者
生活津貼條例草案」,是否有當,敬請公決。"
161,1,使用牌照稅法第七條條文修正草案,2005/4/1,2005/5/18,委員會審查,0,0,1,0,劉文雄,費鴻泰,黃劍輝,李鴻鈞,白添枝,馮定國,蔡豪,,,,,,,,,,,,,,,,,,,,,,,,,,,周錫瑋,孫大千,吳清池,謝國樑,高思博,孔文吉,鍾紹和,何智輝,江昭儀,王拓,朱鳳芝,林正峰,傅崐萁,鄭金玲,郭榮宗,劉盛良,盧天麟,朱俊曉,葉芳雄,吳成典,柯淑敏,陳根德,徐耀昌,呂學樟,林春德,林德福,李嘉進,林益世,李永萍,楊仁福,陳志彬,林郁方,,,,,,,,,,,,,,,,,,,,,,,,,,,,,,,,"本院委員劉文雄、費鴻泰、黃劍輝、李鴻鈞、白添枝、馮定 國、蔡豪等39人,針對現行使用牌照稅法第七條第一項第八 款之規定,條文規定之構成要件及適用範圍未臻明確,易遭 不肖之徒利用身心障礙者為人頭而達避稅之不法行為,更是 有違司法院大法官會議解釋第四八五解釋文第二段「國家資 源有限性原則」!另據統計每年依此規定申請免稅之金額更 是高達近四十億新台幣,國家資源浪費可見一斑,爱提案修 正使之構成要件及範圍明確,以充分照顧真正需要國家照料 之人民,並有效節省國家資源!"
320,1,勞工保險條例部分條文修正草案,2005/5/6,2007/12/21,二讀,0,1,1,0,王榮璋,盧天麟,黃淑英,陳重信,鄭運鵬,徐中雄,侯彩鳳,王昱婷,盧秀燕,林惠官,,,,,,,,,,,,,,,,,,,,,,,,黃偉哲,李明憲,陳秀惠,吳秉叡,潘孟安,陳明真,莊和子,沈發惠,林育生,林進興,廖國棟,高建智,邱永仁,王世堅,藍美津,尹伶瑛,朱俊曉,田秋堇,黃義交,吳敦義,羅明才,蔡豪,邱創進,陳志彬,張慶惠,楊仁福,邱鏡淳,吳志揚,王淑慧,陳朝龍,李敖,顏文章,林岱樺,郭玟成,林正峰,李鎮楠,魏明谷,杜文卿,林郁方,陳景峻,鄭國忠,謝明源,何敏豪,郭素春,蔡英文,王塗發,郭榮宗,郭正亮,林正二,,,,,,,,,,,,,,,"本院委員王榮璋、盧天麟、黃淑英、陳重信、鄭運鵬、徐中 雄、侯彩鳳、王昱婷、盧秀燕、林惠官等59人,有鑑於目前 勞工保險殘廢給付採一次性發給,對喪失工作能力之勞工保 障不足,而身心障礙者由於平均餘命較一般勞工為短,往往 無法累積足夠保險年資領取勞保老年給付,擬提案修正「勞 工保險條例」,明訂殘廢給付改為失能年金,並加入身心障 礙勞工經過職能評估可提前退休之規定,是否有當?敬請公 決。"
461,1,身心障礙者保護法第三十一條條文修正草案,2005/5/27,2007/6/5,三讀,1,1,1,0,林重謨,鄭朝明,沈智輝,張麗善,謝欣霓,,,,,,,,,,,,,,,,,,,,,,,,,,,,,張慶惠,陳志彬,何敏豪,蔡同榮,郭榮宗,蔡其昌,林岱樺,王淑慧,李敖,王昱婷,曾燦燈,陳景峻,陳憲中,藍美津,林正二,邱創進,曹來旺,郭玟成,彭添富,謝明源,陳銀河,蔡豪,邱永仁,林為洲,林德福,蔡啟芳,陳秀惠,王世勛,彭紹瑾,周守訓,林正峰,劉寬平,羅志明,楊宗哲,陳朝龍,徐少萍,黃偉哲,黃義交,謝國樑,,,,,,,,,,,,,,,,,,,,,,,,,"本院委員林重護、鄭朝明、沈智慧、張麗善、謝欣霓等 44人 ,鑑於全國身心障礙者人數已超過全國總人口的百分之四, 而二十歲以上,六十五歲以下具有工作能力之身心障礙者也 達到百分之三點六以上。現行身心障礙保護法對於身心障礙 者的保障已不符現況。爱修改「身心障礙者保護法第三十一 條」,公家機關、事業、學校員工總人數在五十人以上,不 得低於員工總人數百分之二,改為百分之三,私立機關、學 校、事業不得低於員工總人數百分之一,改為百分之二。是 否有當?敬請公決。"
486,2,身心障礙者保護法增訂第七十三條之一條文草案,2005/9/13,2007/6/5,三讀,1,1,1,0,張麗善,林炳坤,王昱婷,邱鏡淳,沈智慧,,,,,,,,,,,,,,,,,,,,,,,,,,,,,李嘉進,陳秀卿,顏清標,周守訓,黃義交,江連福,吳志揚,徐少萍,邱義,張慶忠,黃德福,柯淑敏,吳敦義,吳成典,林春德,蔡正元,郭素春,黃敏惠,林正二,伍錦霖,林正峰,蔡錦隆,張碩文,黃志雄,羅明才,紀國棟,羅世雄,曹壽民,鄭金玲,黃劍輝,盧秀燕,侯彩鳳,蔡豪,朱鳳芝,蔡勝佳,楊瓊瓔,葉芳雄,劉政鴻,黃昭順,趙良燕,,,,,,,,,,,,,,,,,,,,,,,,"本院委員張麗善、林炳坤、王昱婷、邱鏡淳、沈智慧等45 人,對於「身心障礙者保護法」為我政府維護身心障礙者之 合法權益及生活,保障其公平參與社會生活之機會,本當以 照顧弱勢為主要考量。惟今「身心障礙者生活托育養護費用 補助辦法」中並無不得扣押、讓與或供擔保。故為徹底落實 照顧身心障礙者之生活,特擬「身心障礙者保護法」修正草 案,增列身心障礙者之生活托育養護津貼補助不得扣押、讓 與或提供擔保之規定。是否有當?敬請公決!"
495,2,使用牌照稅法第七條條文修正草案,2005/9/13,2005/9/13,交付審查,0,0,0,0,林國慶,潘孟安,,,,,,,,,,,,,,,,,,,,,,,,,,,,,,,,曹來旺,楊仁福,顏文章,高建智,陳憲中,鄭運鵬,藍美津,黃偉哲,何敏豪,林為洲,羅志明,謝欣霓,趙良燕,吳志揚,陳朝龍,謝明源,郭玟成,陳銀河,江昭儀,林岱樺,李鎮楠,郭榮宗,魏明谷,鄭朝明,郭正亮,湯火聖,蔡其昌,陳景峻,林耘生,王世勛,,,,,,,,,,,,,,,,,,,,,,,,,,,,,,,,,,"本院委員林國慶、潘孟安等 32人,鑒於「使用牌照稅法」第 七條第一項第八款,規定身心障礙者免徵使用牌照稅,此立 法原本立意良好,但免稅規定經常被部分高所得者利用身心 障礙者名義,藉以規避高級進口車繳納使用牌照稅等情形, 因此現行牌照稅法有關免稅規定明顯不周延及引發社會不公 等爭議。爱提出「使用牌照稅法修正草案」,是否有當?敬 請公決。"
584,2,公益彩券發行條例第八條條文修正草案,2005/9/30,2007/3/2,三讀,1,1,1,0,廖本煙,楊仁福,,,,,,,,,,,,,,,,,,,,,,,,,,,,,,,,潘維剛,李鎮楠,王塗發,盧博基,陳銀河,黃宗源,吳秉叡,盧天麟,江昭儀,徐國勇,張慶惠,郭榮宗,薛凌,王世勛,侯水盛,林為洲,何敏豪,陳啟昱,蕭美琴,曹來旺,王幸男,莊和子,鄭國忠,黃昭輝,藍美津,余政道,陳秀惠,邱創進,李俊毅,李明憲,黃政哲,劉寬平,郭林勇,王世堅,徐志明,王淑慧,羅志明,尹伶瑛,陳憲中,鄭朝明,李昆澤,高建智,彭紹瑾,黃偉哲,張川田,莊碩換,林正二,蔡正元,江連福,,,,,,,,,,,,,,,"本院委員廖本煙、楊仁福等 51人,為保障社會弱勢者取得公 益彩券經銷商資格、防止人頭戶情形,並擴大身心障礙者、 原住民就業機會,以保障公益彩券成立之公益目的,特提公 益彩券發行條例第八條修正條文,是否有當,請公決。"
708,2,強制執行法第五十三條條文修正草案,2005/10/28,2005/10/28,交付審查,0,0,0,0,鄭國忠,,,,,,,,,,,,,,,,,,,,,,,,,,,,,,,,,王榮璋,彭添富,黃適卓,陳銀河,郭玟成,李永萍,顏文章,張慶惠,吳敦義,林岱樺,鍾紹和,廖本煙,楊仁福,陳瑩,盧天麟,魏明谷,王世勛,林正二,林濁水,陳根德,李昆澤,洪奇昌,楊瓊瓔,田秋堇,邱創進,羅志明,蕭美琴,湯火聖,黃淑英,孫大千,王拓,鄭金玲,郭俊銘,徐少萍,林樹山,彭紹瑾,鄭朝明,蔡其昌,蔡家福,沈發惠,鄭運鵬,潘孟安,林淑芬,邱鏡淳,賴清德,羅世雄,林為洲,黃義交,李復興,高建智,謝明源,,,,,,,,,,,,,"本院委員鄭國忠等 52人,針對我國政府為落實照顧老人生活 ,增進弱勢福祉,設立有關中低收入老人生活津貼、中低收 入老人特別照顧津貼、身心障礙者生活補助費、老年農民福 利津貼、榮民就養金、敬老福利生活津貼等等社會福利及救 助措施,乃基於社會資源分配上強者對弱者的救援之福利思 想,有安定老人生活照護之特定社會安全目的。惟現行強制 執行法中有關「禁止查封之動產」部分,未將上述社會福利 及救助措施納入,有違福利照護原則, 擬具「強制執行法 第五十三條條文修正」草案,是否有當,敬請公決。"
829,2,使用牌照稅法第七條條文修正草案,2005/12/9,2005/12/9,交付審查,0,0,0,0,黃健庭,朱鳳芝,,,,,,,,,,,,,,,,,,,,,,,,,,,,,,,,吳成典,黃昭順,林惠官,吳敦義,帥化民,伍錦霖,李嘉進,李永萍,侯彩鳳,費鴻泰,黃志雄,楊仁福,柯淑敏,郭素春,紀國棟,周守訓,廖婉汝,羅世雄,吳志揚,林正二,吳英毅,羅明才,洪秀柱,吳光訓,劉盛良,何智輝,蔡家福,周錫瑋,吳松柏,謝文政,,,,,,,,,,,,,,,,,,,,,,,,,,,,,,,,,,"本院委員黃健庭、朱鳳芝等 32人,鑑於現行使用牌照稅法第 七條第一項第八款訂有身心障礙者免徵使用牌照稅之規定, 經財政部限縮解釋後,已違背立法者之原意且與立法目的不 符, 擬具「使用牌照稅法第七條修正案」,是否有當,敬 請公決。"
853,2,身心障礙者保護法增訂第三十八條之一條文草案,2005/12/23,2007/6/5,三讀,1,1,1,0,林樹山,,,,,,,,,,,,,,,,,,,,,,,,,,,,,,,,,徐國勇,林國慶,盧天麟,王淑慧,王塗發,吳富貴,潘屘,黃昭輝,藍美津,蔡啟芳,莊和子,陳重信,王榮璋,黃適卓,陳明真,曹來旺,洪奇昌,賴妻德,郭俊銘,林淑芬,彭紹瑾,王拓,田秋堇,魏明谷,王世勛,鄭國忠,顏文章,蔡其昌,林濁水,林為洲,李昆澤,沈發惠,邱創進,陳瑩,,,,,,,,,,,,,,,,,,,,,,,,,,,,,,"本院委員林樹山等35人,針對「身心障礙者保護法」乃為保 障社會弱勢族群合法權益之法律,依本法所得之各項現金給 付或補助之權利是政府為保障身心障礙者維持生活最低需求 、並以社會福利的形式維持社會安全之必要,是生存之依賴 、生活之憑藉,實不應成為剝奪追償或讓與之客體。爱修法 新增本法第三十八條之一明定「依本法請領各項現金給付或 補助之權利,不得扣押、讓與或供擔保」,以徹底實踐國家 保障弱勢族群生活之精神。是否有當?請公決。"
1048,3,停車場法增訂第三十九條之二條文草案,2006/4/28,2006/4/28,交付審查,0,0,0,0,林鴻池,王昱婷,朱俊曉,吳育昇,,,,,,,,,,,,,,,,,,,,,,,,,,,,,,趙良燕,楊仁福,黃健庭,林正峰,林春德,林耘生,黃義交,藍美津,林滄敏,羅明才,何智輝,張麗善,林建榮,侯彩鳳,蘇起,周守訓,陳秀惠,林益世,陳秀卿,江義雄,許榮淑,吳成典,楊瓊瓔,徐耀昌,郭榮宗,郭素春,林正二,張慶惠,洪秀柱,李慶安,費鴻泰,林岱樺,吳敦義,徐中雄,呂學樟,王塗發,陳啟昱,伍錦霖,朱鳳芝,江連福,,,,,,,,,,,,,,,,,,,,,,,,"本院委員林鴻池、王昱婷、朱俊曉、吳育昇、沈智慧等 45人 ,針對「身心障礙者保護法」第四十八條第一項規定:「公 共停車場應保留百分之二比例做為身心障礙者專用停車位………… …非領有專用停車位識別證明之身心障礙者或其家屬,不得 違規佔用。」但公共停車場包括路邊停車場及路外停車場。 在路邊停車場部分,若違規佔用身心障礙者專用停車位停車 者,可依「道路交通管理處罰條例」處以罰錘。但路外公共 停車場未規定罰則,且因場地限制無法移置違規停放之車輛 ,若無罰則難以遏止非法佔用身障停車位之情形,而影響身 心障礙者停車權益。故爱增列「停車場法」對於公有路外公 共停車場,違規佔用身心障礙者專用停車位之罰則。是否有 當?請公決。"
1120,3,司法人員人事條例第十條及第四十四條條文修正草案,2006/5/26,2006/5/26,交付審查,0,0,0,0,顏文章,林國慶,,,,,,,,,,,,,,,,,,,,,,,,,,,,,,,,黃偉哲,許榮淑,林郁方,盧天麟,李文忠,林進興,柯俊雄,林益世,羅志明,燦燈,王幸男,陳瑩,林淑芬,郭俊銘,王世堅,林文郎,陳憲中,鄭國忠,吳明敏,王塗發,吳秉叡,莊和子,王榮璋,薛凌,郭玟成,曹來旺,林濁水,謝欣霓,王世勛,高建智,陳重信,杜文卿,王拓,魏明谷,賴清德,彭紹瑾,黃淑英,洪奇昌,田秋堇,沈發惠,蕭美琴,蔡其昌,邱創進,林樹山,李昆澤,陳秀惠,謝明源,潘孟安,陳朝龍,,,,,,,,,,,,,,,"本院委員鄭國忠等 52人,針對我國政府為落實照顧老人生活 ,增進弱勢福祉,設立有關中低收入老人生活津貼、中低收 入老人特別照顧津貼、身心障礙者生活補助費、老年農民福 利津貼、榮民就養金、敬老福利生活津貼等等社會福利及救 助措施,乃基於社會資源分配上強者對弱者的救援之福利思 想,有安定老人生活照護之特定社會安全目的。惟現行強制 執行法中有關「禁止查封之動產」部分,未將上述社會福利 及救助措施納入,有違福利照護原則, 擬具「強制執行法 第五十三條條文修正」草案,是否有當,敬請公決。"
1167,4,大學法第二十六條條文修正草案,2006/9/29,2006/12/19,三讀,1,1,1,0,洪秀柱,李慶安,江義雄,楊麗環,劉盛良,蔡家福,盧秀燕,,,,,,,,,,,,,,,,,,,,,,,,,,,李永萍,曹爾忠,白添枝,林德福,賴士葆,徐少萍,曾永權,陳朝容,吳成典,黃德福,林滄敏,楊仁福,吳敦義,吳光訓,楊瓊瓔,林鴻池,張昌財,高思博,吳松柏,邱鏡淳,侯彩鳳,曾華德,邱毅,孫大千,謝文政,羅世雄,翁重鈞,林益世,黃昭順,劉銓忠,陳秀卿,李嘉進,帥化民,費鴻泰,王昱婷,曹壽民,陳志彬,郭素春,黃志雄,蔡正元,,,,,,,,,,,,,,,,,,,,,,,,"本院委員洪秀柱、李慶安、江義雄、楊麗環、劉盛良、蔡家 福、盧秀燕等47人,為大學法中規定得視各學科、系所、學 院、學程之需要延長修業年限,但大學法中並未配合特殊教 育法第九條之相關規定,配合身心障礙學生身心發展狀況及 學習需要延長修業年限,造成部分身心障礙學子無法順利完 成大學學業,甚為可惜。為使身心障礙學生有較充裕時間適 應大學課程及學習自主生活,得視需要延長其修業年限,以 保障其學習之權利。爱此,擬具「大學法第二十六條」修正 草案,是否有當,敬請公決。"
1231,4,身心障礙者保護法第四十八條條文修正草案,2006/10/20,2007/6/5,三讀,1,1,1,0,黃適卓,羅志明,,,,,,,,,,,,,,,,,,,,,,,,,,,,,,,,黃宗源,郭林勇,賴幸媛,何敏豪,陳銀河,廖本煙,劉寬平,黃政哲,曾燦燈,何智輝,鄭國忠,吳明敏,曹來旺,政朝明,許榮淑,彭添富,邱鏡淳,盧秀燕,王昱婷,郭素春,陳秀惠,蔡同榮,林正二,陳明真,沈發惠,藍美津,張花冠,林淑芬,鄭運鵬,高建智,張慶惠,陳根德,尹伶瑛,,,,,,,,,,,,,,,,,,,,,,,,,,,,,,,"本院委員黃適卓、羅志明等 35人,鑒於身心障礙者原屬極需 社會福利協助的族群,故中央政府授權各縣市政府針對身心 障礙者停車位置給予不同程度的優惠措施,但是最近卻有地 方政府改變身心障礙者停車位置使用辦法,形同變相漲價, 引發民怨,違反社會福利政策原則,為擴大維護身心障礙者 之交通權益,彰顯政府對於弱勢族群的關懷,並兼顧社會公 義,爱提案修正「身心障礙者保護法」第四十八條,增列「 身心障礙者專用停車位應免費提供予具低收入戶資格之身心 障礙者或其家屬使用」,是否有當,敬請公決。"
1232,4,身心障礙者保護法第六十五條之一條文修正草案,2006/10/20,2007/6/5,三讀,1,1,1,0,林鴻池,盧秀燕,吳育昇,林炳坤,,,,,,,,,,,,,,,,,,,,,,,,,,,,,,顧崇廉,楊仁福,紀國棟,郭素春,孫大千,顏文章,章仁香,廖婉汝,林淑芬,湯火聖,李永萍,伍錦霖,蔡家福,曾華德,翁重鈞,朱鳳芝,劉銓忠,費鴻泰,張麗善,邱鏡淳,李嘉進,王塗發,王榮璋,丁守中,徐少萍,江連福,蔡其昌,鄭運鵬,沈智慧,侯彩鳳,王昱婷,吳敦義,林正二,林建榮,雷倩,藍美津,黃義交,陳景峻,莊和子,陳銀河,吳松柏,趙良燕,江義雄,吳明敏,陳志彬,蔡豪,柯淑敏,陳瑩,,,,,,,,,,,,,,,,"本院委員林鴻池、盧秀燕、吳育昇、林炳坤等 53 人,針對國 內諸多私營交通業者,以及觀光或娛樂場所,並未遵守「身 心障礙者保護法」第五十及第五十一條規定,於私營風景區 、康樂場所或文教設施,給予身心障礙者半價優惠,造成諸 多身心障礙者權益受損,爱增列罰則,以能有效規範業者落 實「身心障礙者保護法」。是否有當?請公決。"
1270,4,公務人員任用法第二十八條條文修正草案,2006/11/10,2006/11/10,交付審查,0,0,0,0,朱鳳芝,丁守中,,,,,,,,,,,,,,,,,,,,,,,,,,,,,,,,黃昭順,蔡家福,林德福,李嘉進,楊仁福,吳松柏,邱鏡淳,陳秀卿,孔文吉,伍錦霖,劉銓忠,帥化民,賴士葆,吳成典,劉盛良,徐少萍,林建榮,羅明才,林鴻池,洪秀柱,郭素春,孫大千,吳敦義,李慶安,周守訓,費鴻泰,李永萍,葉芳雄,蔡錦隆,何智輝,紀國棟,林益世,廖婉汝,,,,,,,,,,,,,,,,,,,,,,,,,,,,,,,"本院委員朱鳳芝、丁守中等 35人,對於現行公務人員任用法 第二十八條第一項第九款凡經合格醫師證明有「精神疾病」 者就不得擔任公務人員或擔任後予以資遣的規定,相較於其 他高度專業人員之規範,例如醫師法、護理人員法、助產人 員法、營養師法、呼吸治療師法、心理師法、醫事檢驗師法 、醫事放射師法、物理治療師法、職能治療師法、藥師法等 ,其能否執行職務均需經主管機關認定,顯見公務人員任用 法第二十八條所謂「精神疾病」的定義太過籠統模糊!另, 只要經「合格醫師」證明就限制人民參與公職又太過嚴格, 並且又與身心障礙者保護法第四條規定身障者之合法權益, 應受尊重與保障,不得單獨以身心障礙為理由,拒絕其接受 教育、「應考」、「進用」或予其他不公平之待遇產生法律 競合問題。足見現行公務人員任用法第二十八條對於身心障 礙者擔任公職的權利有嚴重的傷害,應予修正為「經主管機 關認定」且主管機關如要作此認定必須委由「相關專科醫師 鑑定之」。是否有當,敬請公決!"
1317,4,就業服務法第二十四條及第二十六條條文修正草案,2006/12/12,2006/12/12,交付審查,0,0,0,0,林鴻池,王昱婷,張麗善,林建榮,林正峰,,,,,,,,,,,,,,,,,,,,,,,,,,,,,陳啟昱,林正二,顧崇廉,林滄敏,盧秀燕,陳銀河,王塗發,吳成典,費鴻泰,劉銓忠,謝文政,洪秀柱,朱鳳芝,孔文吉,蔡家福,何智輝,黃志雄,丁守中,趙良燕,郭素春,陳秀卿,蘇起,徐少萍,孫大千,李慶安,伍錦霖,蔡正元,帥化民,李嘉進,楊仁福,陳秀惠,李復興,謝國樑,張慶惠,呂學樟,,,,,,,,,,,,,,,,,,,,,,,,,,,,,"本院委員林鴻池、王昱婷、張麗善、林建榮、林正峰等 40人 ,鑑於《就業服務法》第二十四條規定,主管機關對於負擔 家計婦女、中高齡者、身心障礙者、原住民及生活扶助戶中 有工作能力者應致力促進其就業,必要時得發給相關津貼或 補助金,但現今社會中,單親家庭日益增多,負擔家計者包 括單親媽媽及單親爸爸,且單親爸爸在單親家長中佔約 45% ,若忽略此部分,將會因眾多單親父親的高失業率而造成更 多社會問題。爱修正《就業服務法》第24條及 26條,將「 獨力負擔家計者」納入促進就業之保障。是否有當?請公決"
1429,5,就業服務法第五條條文修正草案,2007/3/9,2007/3/9,交付審查,0,0,0,0,藍美津,沈智慧,潘孟安,張麗善,,,,,,,,,,,,,,,,,,,,,,,,,,,,,,江義雄,盧秀燕,王幸男,羅明才,徐少萍,楊宗哲,費鴻泰,孫大千,陳秀惠,黃宗源,張慶惠,劉盛良,王昱婷,吳成典,鄭運鵬,許榮淑,陳杰,陳明真,陳銀河,林正二,丁守中,吳清池,謝欣霓,蔡同榮,陳啟昱,曹來旺,朱鳳芝,鄭朝明,王淑慧,莊碩漢,楊仁福,湯火聖,杜文卿,林耘生,廖本煙,黃義交,謝明源,,,,,,,,,,,,,,,,,,,,,,,,,,,"本院委員藍美津、沈智慧、潘孟安、張麗善等 41人,有鑒於 現行就業服務法第五條規定「為保障國民就業機會平等,雇 主對求職人或所僱用員工,不得以種族、階級、語言、思想 、宗教、黨派、籍貫、性別、婚姻、容貌、五官、身心障礙 或以往工會會員身分為由,予以歧視。」,亦於同法第六十 五條定有罰則。雖然法有明文規定禁止僱用歧視,但勞工在 職場上,仍會面對各種歧視待遇,而卻未定有受歧視勞工應 循之申訴方式與受理機關,使得法律未能落實,對勞工權益 缺乏實質之保障。爱此,特提出「就業服務法第五條」條文 修正草案,新增「出生地」、「年齡」之反歧視規定,對於 勞工可能遭受歧視之範圍予以具體明確規定,並增加勞工申 訴制度及受理機關之條文,以落實政府實施反歧視之禁令。 是否有當,敬請公決。"
1566,5,國民年金法草案,2007/5/18,2007/7/20,三讀,1,1,1,1,曾燦燈,,,,,,,,,,,,,,,,,,,,,,,,,,,,,,,,,,,,,,,,,,,,,,,,,,,,,,,,,,,,,,,,,,,,,,,,,,,,,,,,,,,,,,,,,,,,,,,,"本院台灣團結聯盟黨團,為當國民遭遇老年、身心障礙或死 亡時,政府得以持續性定額給付方式,維持其基本生活所需 ,提供全體國民經濟生活上的最低保障,並以一致性水準整 合現有發放標準不一之各種津貼,爱擬具「國民年金法草案 」,是否有當,請公決案。"
1657,6,災害防救法第四十七條條文修正草案,2007/9/11,2007/9/11,交付審查,0,0,0,0,林樹山,黃偉哲,李昆澤,吳明敏,,,,,,,,,,,,,,,,,,,,,,,,,,,,,,陳憲中,顏文章,莊和子,曹來旺,徐國勇,黃劍輝,陳啟昱,莊碩漢,江昭儀,田秋堇,鄭國忠,王世堅,林岱樺,郭玟成,侯水盛,王世勛,杜文卿,彭添富,謝明源,李鎮楠,藍美津,許德祥,陳秀惠,張慶惠,蔡其昌,林耘生,王榮璋,鄭運鵬,潘孟安,謝欣霓,陳瑩,尹伶瑛,,,,,,,,,,,,,,,,,,,,,,,,,,,,,,,,"本院委員林樹山、黃偉哲、李昆澤、吳明敏等 36人,為憲法 增修條文早將「殘障者」用詞正名為「身心障礙者」,而一 般市民社會也從善如流的使用比較中性的「身心障礙者」的 稱呼,顯現出我國民進步輿相互尊重的素養與觀念;但觀乎 我國許多法律與行政規定,條文內容仍以「殘廢」或「殘障 」稱呼「身心障礙者」,有違憲法之修正意旨,也不符合進 步社會對弱勢族群的尊重。 提案修正「災害防救法」部分 條文,將「殘廢」二字改為「身心障礙」。是否有當?敬請 公決。"
1658,6,關務人員人事條例第二十條條文修正草案,2007/9/11,2007/9/11,交付審查,0,0,0,0,林樹山,李昆澤,尹伶瑛,,,,,,,,,,,,,,,,,,,,,,,,,,,,,,,陳憲中,顏文章,莊和子,曹來旺,徐國勇,王世堅,林岱樺,侯水盛,王世勛,彭添富,杜文卿,謝明源,李鎮楠,藍美津,林耘生,許德祥,陳秀惠,張慶惠,蔡其昌,陳瑩,謝欣霓,王榮璋,鄭運鵬,潘孟安,黃偉哲,黃劍輝,陳啟昱,莊碩漢,田秋堇,江昭儀,鄭國忠,吳明敏,,,,,,,,,,,,,,,,,,,,,,,,,,,,,,,,"本院委員林樹山、李昆澤、尹伶瑛等 35人,為憲法增修條文 早將「殘障者」用詞正名為「身心障礙者」,而一般市民社 會也從善如流的使用比較中性的「身心障礙者」的稱呼,顯 現出我國民進步與相互尊重的素養與觀念;但觀乎我國許多 法律輿行政規定,條文內容仍以「殘廢」或「殘障」稱呼「 身心障礙者」,有達憲法之修正意旨,也不符合進步社會對 弱勢族群的尊重。爱提案修正「關務人員人事條例」部分條 文,將「殘廢」二字改為「身心障礙」。是否有當?敬請公 決。"
1659,6,工廠法第四十五條條文修正草案,2007/9/11,2007/9/11,交付審查,0,0,0,0,林樹山,黃偉哲,李昆澤,尹伶瑛,,,,,,,,,,,,,,,,,,,,,,,,,,,,,,陳憲中,顏文章,莊和子,曹來旺,徐國勇,王世堅,林岱樺,郭玟成,侯水盛,王世勛,杜文卿,彭添富,謝明源,李鎮楠,藍美津,許德祥,陳秀惠,張慶惠,蔡其昌,林耘生,王榮璋,鄭運鵬,潘孟安,謝欣霓,陳瑩,陳啟昱,莊碩漢,田秋堇,吳明敏,江昭儀,鄭國忠,,,,,,,,,,,,,,,,,,,,,,,,,,,,,,,,,"本院委員林樹山、黃偉哲、李昆澤、尹伶瑛等 35人,為憲法 增修條文早將「殘障者」用詞正名為「身心障礙者」,法律 位階的「殘障福利法」也更名為「身心障礙保護法」多年, 一般市民社會也從善如流的使用比較中性的「身心障礙者」 的稱呼,顯現出我國民進步與相互尊重的素養與觀念;但觀 乎我國許多法律與行政規定,條文內容仍以「殘廢」或「殘 障」稱呼「身心障礙者」,有違憲法之修正意旨,也不符合 進步社會對弱勢族群的尊重。爱提案修正「工廠法」部分條 文,將「殘廢」二字改為「身心障礙」。是否有當?敬請公 決。"
1660,6,職業災害勞工保護法部分條文修正草案,2007/9/11,2007/9/11,交付審查,0,0,0,0,林樹山,潘孟安,黃偉哲,尹伶瑛,,,,,,,,,,,,,,,,,,,,,,,,,,,,,,陳憲中,顏文章,莊和子,曹來旺,徐國勇,王世堅,林岱樺,郭玟成,侯水盛,王世勛,杜文卿,彭添富,謝明源,李鎮楠,藍美津,許德祥,張慶惠,蔡其昌,林耘生,陳瑩,陳秀惠,謝欣霓,王榮璋,鄭運鵬,江昭儀,黃劍輝,陳啟昱,莊碩漢,田秋堇,吳明敏,鄭國忠,,,,,,,,,,,,,,,,,,,,,,,,,,,,,,,,,"本院委員林樹山、潘孟安、黃偉哲、尹伶瑛等 35人,為憲法 增修條文早將「殘障者」用詞正名為「身心障礙者」,而一 般市民社會也從善如流的使用比較中性的「身心障礙者」的 稱呼,顯現出我國民進步與相互尊重的素養與觀念;但觀乎 我國許多法律與行政規定,條文內容仍以「殘廢」或「殘障 」稱呼「身心障礙者」,有達憲法之修正意旨,也不符合進 步社會對弱勢族群的尊重。爱提案修正「職業災害勞工保護 法」部分條文,將「殘廢」二字改為「身心障礙」。是否有 當?敬請公決。"
1661,6,勞動基準法第五十四條、第五十五條及第五十九條條文修正草案,2007/9/11,2007/9/11,交付審查,0,0,0,0,林樹山,潘孟安,黃偉哲,李昆澤,,,,,,,,,,,,,,,,,,,,,,,,,,,,,,陳憲中,顏文章,莊和子,曹來旺,徐國勇,王世堅,林岱樺,郭玟成,杜文卿,侯水盛,王世勛,彭添富,謝明源,李鎮楠,藍美津,陳秀惠,許德祥,張慶惠,蔡其昌,林耘生,王榮璋,陳啟昱,尹伶瑛,吳明敏,陳瑩,江昭儀,田秋堇,謝欣霓,黃劍輝,鄭國忠,鄭運鵬,莊碩漢,,,,,,,,,,,,,,,,,,,,,,,,,,,,,,,,"本院委員林樹山、潘孟安、黃偉哲、李昆澤等 36人,為憲法 增修條文早將「殘障者」用詞正名為「身心障礙者」,而一 般市民社會也從善如流的使用比較中性的「身心障礙者」的 稱呼,顯現出我國民進步與相互尊重的素養與觀念;但觀乎 我國許多法律與行政規定,條文內容仍以「殘廢」或「殘障 」稱呼「身心障礙者」,有違憲法之修正意旨,也不符合進 步社會對弱勢族群的尊重。爱提案修正「勞動基準法」部分 條文,將「殘廢」二字改為「身心障礙」。是否有當?敬請 公決。"
1662,6,勞工保險條例部分條文修正草案,2007/9/11,2007/9/11,交付審查,0,0,0,0,林樹山,潘孟安,黃偉哲,李昆澤,尹伶瑛,,,,,,,,,,,,,,,,,,,,,,,,,,,,,陳憲中,顏文章,莊和子,曹來旺,徐國勇,王世堅,林岱樺,郭玟成,侯水盛,王世勛,杜文卿,彭添富,謝明源,李鎮楠,藍美津,陳秀惠,張慶惠,蔡其昌,林耘生,王榮璋,鄭運鵬,江昭儀,謝欣霓,陳瑩,陳啟昱,莊碩漢,田秋堇,吳明敏,鄭國忠,,,,,,,,,,,,,,,,,,,,,,,,,,,,,,,,,,,"本院委員林樹山、潘孟安、黃偉哲、李昆澤、尹伶瑛等 35人 ,為憲法增修條文早將「殘障者」用詞正名為「身心障礙者 」,而一般市民社會也從善如流的使用比較中性的「身心障 礙者」的稱呼,顯現出我國民進步與相互尊重的素養與觀念 ;但觀乎我國許多法律輿行政規定,條文內容仍以「殘廢」 或「殘障」稱呼「身心障礙者」,有違憲法之修正意旨,也 不符合進步社會對弱勢族群的尊重。 提案修正「勞工保險 條例」部分條文,將「殘廢」二字改為「身心障礙」。是否 有當?敬請公決。"
1663,6,全民健康保險法第四十一條條文修正草案,2007/9/11,2007/9/11,交付審查,0,0,0,0,林樹山,潘孟安,黃偉哲,李昆澤,陳憲中,,,,,,,,,,,,,,,,,,,,,,,,,,,,,尹伶瑛,顏文章,莊和子,曹來旺,王世堅,徐國勇,林岱樺,郭玟成,侯水盛,王世勛,藍美津,杜文卿,彭添富,謝明源,李鎮楠,許德祥,陳秀惠,張慶惠,蔡其昌,林耘生,陳瑩,王榮璋,鄭運鵬,陳啟昱,莊碩漢,謝欣霓,鄭國忠,吳明敏,田秋堇,江昭儀,,,,,,,,,,,,,,,,,,,,,,,,,,,,,,,,,,"本院委員林樹山、潘孟安、黃偉哲、李昆澤、陳憲中等 35人 ,為憲法增修條文早將「殘障者」用詞正名為「身心障礙者 」,而一般市民社會也從善如流的使用比較中性的「身心障 礙者」的稱呼,顯現出我國民進步與相互尊重的素養與觀念 ;但觀乎我國許多法律與行政規定,條文內容仍以「殘廢」 或「殘障」稱呼「身心障礙者」,有違憲法之修正意旨,也 不符合進步社會對弱勢族群的尊重。 提案修正「全民健康 保險法」部分條文,將「殘廢」二字改為「身心障礙」。是 否有當?敬請公決。"
1664,6,農民健康保險條例第二條及第三十一條條文修正草案,2007/9/11,2007/9/11,交付審查,0,0,0,0,林樹山,潘孟安,黃偉哲,李昆澤,尹伶瑛,,,,,,,,,,,,,,,,,,,,,,,,,,,,,顏文章,莊和子,曹來旺,王世堅,徐國勇,林岱樺,郭玟成,侯水盛,王世勛,藍美津,杜文卿,彭添富,謝明源,李鎮楠,許德祥,陳秀惠,張慶惠,蔡其昌,林耘生,陳瑩,王榮璋,鄭運鵬,陳啟昱,莊碩漢,謝欣霓,鄭國忠,江昭儀,田秋堇,陳憲中,吳明敏,黃劍輝,,,,,,,,,,,,,,,,,,,,,,,,,,,,,,,,,"本院委員林樹山、潘孟安、黃偉哲、李昆澤、尹伶瑛等 36人 ,為憲法增修條文早將「殘障者」用詞正名為「身心障礙者 」,而一般市民社會也從善如流的使用比較中性的「身心障 礙者」的稱呼,顯現出我國民進步與相互尊重的素養與觀念 ;但觀乎我國許多法律與行政規定,條文內容仍以「殘廢」 或「殘障」稱呼「身心障礙者」,有違憲法之修正意旨,也 不符合進步社會對弱勢族群的尊重。爱提案修正「農民健康 保險條例」部分條文,將「殘廢」二字改為「身心障礙」。 是否有當?敬請公決。"
1665,6,羈押法第十四條條文修正草案,2007/9/11,2007/9/11,交付審查,0,0,0,0,林樹山,潘孟安,黃偉哲,尹伶瑛,,,,,,,,,,,,,,,,,,,,,,,,,,,,,,顏文章,莊和子,曹來旺,蔡其昌,徐國勇,林岱樺,郭玟成,侯水盛,王世勛,鄭國忠,杜文卿,彭添富,謝明源,李鎮楠,許德祥,陳秀惠,張慶惠,王世堅,林耘生,陳瑩,王榮璋,鄭運鵬,陳啟昱,莊碩漢,謝欣霓,吳明敏,江昭儀,田秋堇,陳憲中,藍美津,黃劍輝,,,,,,,,,,,,,,,,,,,,,,,,,,,,,,,,,"本院委員林樹山、潘孟安、黃偉哲、尹伶瑛等 35人,為憲法 增修條文早將「殘障者」用詞正名為「身心障礙者」,而一 般市民社會也從善如流的使用比較中性的「身心障礙者」的 稱呼,顯現出我國民進步輿相互尊重的素養與觀念;但觀乎 我國許多法律輿行政規定,條文內容仍以「殘廢」或「殘障 」稱呼「身心障礙者」,有違憲法之修正意旨,也不符合進 步社會對弱勢族群的尊重。 提案修正「羈押法」部分條文 ,將「殘廢」二字改為「身心障礙」。是否有當?敬請公決"
1666,6,觀察勒戒處分執行條例第六條條文修正草案,2007/9/11,2007/9/11,交付審查,0,0,0,0,林樹山,潘孟安,黃偉哲,李昆澤,尹伶瑛,,,,,,,,,,,,,,,,,,,,,,,,,,,,,陳憲中,顏文章,莊和子,曹來旺,徐國勇,王世堅,林岱樺,侯水盛,王世勛,謝明源,杜文卿,彭添富,李鎮楠,藍美津,許德祥,陳秀惠,張慶惠,蔡其昌,林耘生,陳瑩,謝欣霓,王榮璋,鄭運鵬,江昭儀,黃劍輝,陳啟昱,莊碩漢,田秋堇,吳明敏,鄭國忠,,,,,,,,,,,,,,,,,,,,,,,,,,,,,,,,,,"本院委員林樹山、潘孟安、黃偉哲、李昆澤、尹伶瑛等 35 人 ,為憲法增修條文早將「殘障者」用詞正名為「身心障礙者 」,而一般市民社會也從善如流的使用比較中性的「身心障 礙者」的稱呼,顯現出我國民進步與相互尊重的素養與觀念 ;但觀乎我國許多法律與行政規定,條文內容仍以「殘廢」 或「殘障」稱呼「身心障礙者」,有違憲法之修正意旨,也 不符合進步社會對弱勢族群的尊重。爱提案修正「觀察勒戒 處分執行條例」部分條文,將「殘廢」二字改為「身心障礙 」。是否有當?敬請公決。"
1667,6,學校教職員退休條例第四條及第七條條文修正草案,2007/9/11,2007/9/11,交付審查,0,0,0,0,林樹山,潘孟安,黃偉哲,李昆澤,尹伶瑛,,,,,,,,,,,,,,,,,,,,,,,,,,,,,陳憲中,顏文章,莊和子,曹來旺,徐國勇,王世堅,林岱樺,郭玟成,侯水盛,王世勛,杜文卿,彭添富,謝明源,李鎮楠,藍美津,陳秀惠,許德祥,張慶惠,蔡其昌,林耘生,王榮璋,鄭運鵬,江昭儀,謝欣霓,陳瑩,陳啟昱,莊碩漢,田秋堇,吳明敏,鄭國忠,,,,,,,,,,,,,,,,,,,,,,,,,,,,,,,,,,"本院委員林樹山、潘孟安、黃偉哲、李昆澤、尹伶瑛等 35人 ,為憲法增修條文早將「殘障者」用詞正名為「身心障礙者 」,而一般市民社會也從善如流的使用比較中性的「身心障 礙者」的稱呼,顯現出我國民進步輿相互尊重的素養與觀念 ;但觀乎我國許多法律輿行政規定,條文內容仍以「殘廢」 或「殘障」稱呼「身心障礙者」,有違憲法之修正意旨,也 不符合進步社會對弱勢族群的尊重。爱提案修正「學校教職 員退休條例」部分條文,將「殘廢」二字改為「身心障礙」 。是否有當?敬請公決。"
1668,6,替代役實施條例第四十三條、第四十五條及第五十一條條文修正草案,2007/9/11,2007/9/11,交付審查,0,0,0,0,林樹山,潘孟安,黃偉哲,李昆澤,尹伶瑛,,,,,,,,,,,,,,,,,,,,,,,,,,,,,陳憲中,顏文章,莊和子,曹來旺,徐國勇,王世堅,林岱樺,郭玟成,侯水盛,王世勛,杜文卿,彭添富,謝明源,李鎮楠,藍美津,許德祥,陳秀惠,張慶惠,蔡其昌,林耘生,江昭儀,黃劍輝,陳啟昱,莊碩漢,田秋堇,鄭國忠,吳明敏,王榮璋,鄭運鵬,陳瑩,謝欣霓,,,,,,,,,,,,,,,,,,,,,,,,,,,,,,,,,"本院委員林樹山、潘孟安、黃偉哲、李昆澤、尹伶瑛等 36人 ,為憲法增修條文早將「殘障者」用詞正名為「身心障礙者 」,而一般市民社會也從善如流的使用比較中性的「身心障 礙者」的稱呼,顯現出我國民進步與相互尊重的素養與觀念 ;但觀乎我國許多法律與行政規定,條文內容仍以「殘廢」 或「殘障」稱呼「身心障礙者」,有違憲法之修正意旨,也 不符合進步社會對弱勢族群的尊重。 提案修正「替代役實 施條例」部分條文,將「殘廢」二字改為「身心障礙」。是 否有當?敬請公決。"
1669,6,監獄行刑法第十一條、第十七條及第五十八條條文修正草案,2007/9/11,2007/9/11,交付審查,0,0,0,0,林樹山,潘孟安,黃偉哲,李昆澤,,,,,,,,,,,,,,,,,,,,,,,,,,,,,,陳憲中,顏文章,莊和子,曹來旺,徐國勇,王世堅,林岱樺,郭玟成,侯水盛,王世勛,杜文卿,彭添富,謝明源,李鎮楠,藍美津,許德祥,陳秀惠,張慶惠,蔡其昌,林耘生,王榮璋,鄭運鵬,江昭儀,謝欣霓,陳瑩,黃劍輝,陳啟昱,莊碩漢,田秋堇,吳明敏,鄭國忠,尹伶瑛,,,,,,,,,,,,,,,,,,,,,,,,,,,,,,,,"本院委員林樹山、潘孟安、黃偉哲、李昆澤等 36人,為憲法 增修條文早將「殘障者」用詞正名為「身心障礙者」,而一 般市民社會也從善如流的使用比較中性的「身心障礙者」的 稱呼,顯現出我國民進步與相互尊重的素養與觀念;但觀乎 我國許多法律與行政規定,條文內容仍以「殘廢」或「殘障 」稱呼「身心障礙者」,有違憲法之修正意旨,也不符合進 步社會對弱勢族群的尊重。爱提案修正「監獄行刑法」部分 條文,將「殘廢」二字改為「身心障礙」。是否有當?敬請 公決。"
1670,6,少年矯正學校設置及教育實施通則第三十九條條文修正草案,2007/9/11,2007/9/11,交付審查,0,0,0,0,林樹山,潘孟安,黃偉哲,李昆澤,,,,,,,,,,,,,,,,,,,,,,,,,,,,,,顏文章,莊和子,曹來旺,王世堅,徐國勇,林岱樺,郭玟成,侯水盛,王世勛,彭添富,杜文卿,謝明源,李鎮楠,藍美津,陳秀惠,許德祥,張慶惠,蔡其昌,林耘生,陳瑩,王榮璋,鄭運鵬,江昭儀,黃劍輝,謝欣霓,陳啟昱,莊碩漢,田秋堇,吳明敏,鄭國忠,尹伶瑛,陳憲中,,,,,,,,,,,,,,,,,,,,,,,,,,,,,,,,"本院委員林樹山、潘孟安、黃偉哲、李昆澤等 36人,為憲法 增修條文早將「殘障者」用詞正名為「身心障礙者」,法律 位階的「殘障福利法」也更名為「身心障礙者權益保障法」 多年,一般市民社會也從善如流的使用比較中性的「身心障 礙者」的稱呼,顯現出我國民進步輿相互尊重的素養與觀念 ;但觀乎我國許多法律與行政規定,條文內容仍以「殘廢」 或「殘障」稱呼「身心障礙者」,有違憲法之修正意旨,也 不符合進步社會對弱勢族群的尊重。%提案修正「少年矯正 學校設置及教育實施通則」部分條文,將「殘廢」二字改為 「身心障礙」。是否有當?敬請公決。"
1671,6,獎章條例第四條條文修正草案,2007/9/11,2007/9/11,交付審查,0,0,0,0,林樹山,潘孟安,黃偉哲,李昆澤,尹伶瑛,,,,,,,,,,,,,,,,,,,,,,,,,,,,,陳憲中,顏文章,莊和子,曹來旺,王世堅,徐國勇,王世堅,林岱樺,郭玟成,侯水盛,王世勛,杜文卿,彭添富,謝明源,李鎮楠,藍美津,陳秀惠,許德祥,張慶惠,蔡其昌,林耘生,王榮璋,黃劍輝,鄭運鵬,謝欣霓,陳瑩,陳啟昱,莊碩漢,田秋堇,吳明敏,江昭儀,鄭國忠,,,,,,,,,,,,,,,,,,,,,,,,,,,,,,,,"本院委員林樹山、潘孟安、黃偉哲、李昆澤、尹伶瑛等 36人 ,為憲法增修條文早將「殘障者」用詞正名為「身心障礙者 」,而一般市民社會也從善如流的使用比較中性的「身心障 礙者」的稱呼,顯現出我國民進步輿相互尊重的素養與觀念 ;但觀乎我國許多法律與行政規定,條文內容仍以「殘廢」 或「殘障」稱呼「身心障礙者」,有違憲法之修正意旨,也 不符合進步社會對弱勢族群的尊重。 提案修正「獎章條例 」部分條文,將「殘廢」二字改為「身心障礙」。是否有當 ?敬請公決。"
1672,6,船員法部分條文修正草案,2007/9/11,2007/9/11,交付審查,0,0,0,0,林樹山,,,,,,,,,,,,,,,,,,,,,,,,,,,,,,,,,潘孟安,魏明谷,吳秉叡,鄭國忠,黃偉哲,邱創進,顏文章,陳憲中,王世堅,許德祥,薛凌,林進興,謝明源,張慶惠,湯火聖,李鎮楠,鄭朝明,蔡同榮,王淑慧,王幸男,張花冠,藍美津,郭榮宗,吳富貴,陳瑩,徐國勇,蔡其昌,陳明真,陳秀惠,王榮璋,林淑芬,謝欣霓,,,,,,,,,,,,,,,,,,,,,,,,,,,,,,,,"本院委員林樹山等 33人,為憲法增修條文早將「殘障者」用 詞正名為「身心障礙者」,而一般市民社會也從善如流的使 用比較中性的「身心障礙者」的稱呼,顯現出我國民進步與 相互尊重的素養與觀念;但觀乎我國許多法律與行政規定, 條文內容仍以「殘廢」或「殘障」稱呼「身心障礙者」,有 違憲法之修正意旨,也不符合進步社會對弱勢族群的尊重。 爱提案修正「船員法」部分條文,將「殘廢」二字改為「身 心障礙」。是否有當?敬請公決。"
1673,6,簡易人壽保險法第二十條條文修正草案,2007/9/11,2007/9/11,交付審查,0,0,0,0,林樹山,潘孟安,黃偉哲,李昆澤,尹伶瑛,,,,,,,,,,,,,,,,,,,,,,,,,,,,,陳憲中,顏文章,莊和子,曹來旺,徐國勇,王世堅,杜文卿,彭添富,謝明源,李鎮楠,藍美津,許德祥,張慶惠,蔡其昌,林耘生,陳瑩,陳秀惠,謝欣霓,王榮璋,鄭運鵬,江昭儀,黃劍輝,陳啟昱,莊碩漢,田秋堇,吳明敏,鄭國忠,,,,,,,,,,,,,,,,,,,,,,,,,,,,,,,,,,,,,"本院委員林樹山、潘孟安、黃偉哲、李昆澤、尹伶瑛等 36人 ,為憲法增修條文早將「殘障者」用詞正名為「身心障礙者 」,而一般市民社會也從善如流的使用比較中性的「身心障 礙者」的稱呼,顯現出我國民進步輿相互尊重的素養與觀念 ;但觀乎我國許多法律輿行政規定,條文內容仍以「殘廢」 或「殘障」稱呼「身心障礙者」,有違憲法之修正意旨,也 不符合進步社會對弱勢族群的尊重。 提案修正「簡易人壽 保險法」部分條文,將「殘廢」二字改為「身心障礙」。是 否有當?敬請公決。"
1674,6,強制汽車責任保險法第三十五條條文修正草案,2007/9/11,2007/9/11,交付審查,0,0,0,0,林樹山,潘孟安,黃偉哲,李昆澤,,,,,,,,,,,,,,,,,,,,,,,,,,,,,,顏文章,莊和子,曹來旺,徐國勇,王世堅,郭玟成,侯水盛,王世勛,彭添富,杜文卿,謝明源,李鎮楠,藍美津,蔡其昌,許德祥,陳秀惠,張慶惠,林耘生,陳瑩,謝欣霓,王榮璋,鄭運鵬,黃劍輝,江昭儀,陳啟昱,莊碩漢,吳明敏,田秋堇,鄭國忠,尹伶瑛,,,,,,,,,,,,,,,,,,,,,,,,,,,,,,,,,,"本院委員林樹山、潘孟安、黃偉哲、李昆澤等 36人,為憲法 增修條文早將「殘障者」用詞正名為「身心障礙者」,而一 般市民社會也從善如流的使用比較中性的「身心障礙者」的 稱呼,顯現出我國民進步與相互尊重的素養與觀念;但觀乎 我國許多法律與行政規定,條文內容仍以「殘廢」或「殘障 」稱呼「身心障礙者」,有達憲法之修正意旨,也不符合進 步社會對弱勢族群的尊重。爱提案修正「強制汽車貴任保險 法」部分條文,將「殘廢」二字改為「身心障礙」。是否有 當?敬請公決。"
1675,6,保險法部分條文修正草案,2007/9/11,2007/9/11,交付審查,0,0,0,0,林樹山,,,,,,,,,,,,,,,,,,,,,,,,,,,,,,,,,吳秉叡,鄭國忠,黃偉哲,邱創進,顏文章,陳憲中,王世堅,許德祥,薛凌,林進興,謝明源,張慶惠,湯火聖,李鎮楠,鄭朝明,蔡同榮,王淑慧,王幸男,張花冠,藍美津,郭榮宗,吳富貴,徐國勇,蔡其昌,陳瑩,林淑芬,王榮璋,陳明真,陳秀惠,謝欣霓,潘孟安,魏明谷,,,,,,,,,,,,,,,,,,,,,,,,,,,,,,,,"本院委員林樹山等 33人,為憲法增修條文早將「殘障者」用 詞正名為「身心障礙者」,而一般市民社會也從善如流的使 用比較中性的「身心障礙者」的稱呼,顯現出我國民進步與 相互尊重的素養與觀念;但觀乎我國許多法律輿行政規定, 條文內容仍以「殘廢」或「殘障」稱呼「身心障礙者」,有 違憲法之修正意旨:也不符合進步社會對弱勢族群的尊重。 爱提案修正「保險法」部分條文,將「殘廢」二字改為「身 心障礙」。是否有當?敬請公決。"
1676,6,公教人員保險法部分條文修正草案,2007/9/11,2007/9/11,交付審查,0,0,0,0,林樹山,,,,,,,,,,,,,,,,,,,,,,,,,,,,,,,,,吳秉叡,鄭國忠,黃偉哲,邱創進,顏文章,陳憲中,王世堅,許德祥,薛凌,林進興,謝明源,張慶惠,湯火聖,李鎮楠,鄭朝明,蔡同榮,王淑慧,王幸男,張花冠,藍美津,郭榮宗,吳富貴,徐國勇,謝欣霓,陳瑩,蔡其昌,林淑芬,王榮璋,陳明真,陳秀惠,潘孟安,魏明谷,,,,,,,,,,,,,,,,,,,,,,,,,,,,,,,,"本院委員林樹山等 33人,為憲法增修條文早將「殘障者」用 詞正名為「身心障礙者」,而一般市民社會也從善如流的使 用比較中性的「身心障礙者」的稱呼,顯現出我國民進步與 相互尊重的素養與觀念;但觀乎我國許多法律與行政規定, 條文內容仍以「殘廢」或「殘障」稱呼「身心障礙者」,有 違憲法之修正意旨,也不符合進步社會對弱勢族群的尊重。 提案修正「公教人員保險法」部分條文,將「殘廢」二字 改為「身心障礙」。是否有當?敬請公決。"
1677,6,公務人員保障法第二十一條條文修正草案,2007/9/11,2007/9/11,交付審查,0,0,0,0,林樹山,,,,,,,,,,,,,,,,,,,,,,,,,,,,,,,,,吳秉叡,鄭國忠,黃偉哲,邱創進,顏文章,陳憲中,王世堅,許德祥,薛凌,林進興,謝明源,張慶惠,湯火聖,李鎮楠,鄭朝明,蔡同榮,王淑慧,王幸男,張花冠,藍美津,郭榮宗,吳富貴,蔡其昌,徐國勇,陳瑩,謝欣霓,林淑芬,王榮璋,陳明真,陳秀惠,潘孟安,魏明谷,,,,,,,,,,,,,,,,,,,,,,,,,,,,,,,,"本院委員林樹山等33人,為憲法增修條文早將「殘障者」用 詞正名為「身心障礙者」,而一般市民社會也從善如流的使 用比較中性的「身心障礙者」的稱呼,顯現出我國民進步與 相互尊重的素養與觀念;但觀乎我國許多法律與行政規定, 條文內容仍以「殘廢」或「殘障」稱呼「身心障礙者」,有 違憲法之修正意旨,也不符合進步社會對弱勢族群的尊重。 爱提案修正「公務人員保障法」部分條文,將「殘廢」二字 改為「身心障礙」。是否有當?敬請公決。"
1678,6,政務人員退職撫卹條例第十一條條文修正草案,2007/9/11,2007/9/11,交付審查,0,0,0,0,林樹山,,,,,,,,,,,,,,,,,,,,,,,,,,,,,,,,,吳秉叡,鄭國忠,邱創進,顏文章,湯火聖,陳憲中,王世堅,許德祥,薛凌,鄭朝明,林進興,謝明源,張慶惠,李鎮楠,藍美津,蔡同榮,王淑慧,王幸男,張花冠,陳瑩,郭榮宗,吳富貴,徐國勇,蔡其昌,謝欣霓,林淑芬,陳明真,陳秀惠,黃偉哲,潘孟安,魏明谷,王榮璋,,,,,,,,,,,,,,,,,,,,,,,,,,,,,,,,"本院委員林樹山等 33人,為憲法增修條文早將「殘障者」用 詞正名為「身心障礙者」,而一般市民社會也從善如流的使 用比較中性的「身心障礙者」的稱呼,顯現出我國民進步與 相互尊重的素養與觀念;但觀乎我國許多法律與行政規定, 條文內容仍以「殘廢」或「殘障」稱呼「身心障礙者」,有 違憲法之修正意旨,也不符合進步社會對弱勢族群的尊重。 爱提案修正「政務人員退職撫卸條例」部分條文,將「殘廢 」二字改為「身心障礙」。是否有當?敬請公決。"
1679,6,軍人保險條例部分條文修正草案,2007/9/11,2007/9/11,交付審查,0,0,0,0,林樹山,,,,,,,,,,,,,,,,,,,,,,,,,,,,,,,,,潘孟安,魏明谷,吳秉叡,鄭國忠,黃偉哲,邱創進,顏文章,陳憲中,王世堅,許德祥,薛凌,林進興,謝明源,張慶惠,湯火聖,李鎮楠,鄭朝明,蔡同榮,王淑慧,王幸男,張花冠,藍美津,郭榮宗,吳富貴,陳瑩,徐國勇,蔡其昌,謝欣霓,林淑芬,王榮璋,陳明真,陳秀惠,,,,,,,,,,,,,,,,,,,,,,,,,,,,,,,,"本院委員林樹山等 33人,為憲法增修條文早將「殘障者」用 詞正名為「身心障礙者」,而一般市民社會也從善如流的使 用比較中性的「身心障礙者」的稱呼,顯現出我國民進步輿 相互尊重的素養與觀念;但觀乎我國許多法律與行政規定, 條文內容仍以「殘廢」或「殘障」稱呼「身心障礙者」,有 違憲法之修正意旨,也不符合進步社會對弱勢族群的尊重。 爱提案修正「軍人保險條例」部分條文,將「殘廢」二字改 為「身心障礙」。是否有當?敬請公決。"
1680,6,陸海空軍軍官士官服役條例第十六條條文修正草案,2007/9/11,2007/9/11,交付審查,0,0,0,0,林樹山,,,,,,,,,,,,,,,,,,,,,,,,,,,,,,,,,潘孟安,魏明谷,吳秉叡,鄭國忠,黃偉哲,邱創進,顏文章,陳憲中,王世堅,許德祥,薛凌,林進興,謝明源,張慶惠,湯火聖,李鎮楠,鄭朝明,蔡同榮,王淑慧,王幸男,張花冠,藍美津,郭榮宗,吳富貴,陳瑩,徐國勇,謝欣霓,蔡其昌,林淑芬,王榮璋,陳明真,陳秀惠,,,,,,,,,,,,,,,,,,,,,,,,,,,,,,,,"本院委員林樹山等 33人,為憲法增修條文早將「殘障者」用 詞正名為「身心障礙者」,而一般市民社會也從善如流的使 用比較中性的「身心障礙者」的稱呼,顯現出我國民進步與 相互尊重的素養與觀念;但觀乎我國許多法律與行政規定, 條文內容仍以「殘廢」或「殘障」稱呼「身心障礙者」,有 違憲法之修正意旨,也不符合進步社會對弱勢族群的尊重。 爱提案修正「陸海空軍軍官士官服役條例」部分條文,將「 殘廢」二字改為「身心障礙」。是否有當?敬請公決。"
1681,6,兵役法第二十條條文修正草案,2007/9/11,2007/9/11,交付審查,0,0,0,0,林樹山,,,,,,,,,,,,,,,,,,,,,,,,,,,,,,,,,吳秉叡,鄭國忠,黃偉哲,邱創進,顏文章,陳憲中,王世堅,許德祥,薛凌,林進興,謝明源,張慶惠,湯火聖,李鎮楠,鄭朝明,蔡同榮,王淑慧,王幸男,張花冠,藍美津,郭榮宗,吳富貴,陳瑩,徐國勇,蔡其昌,謝欣霓,林淑芬,王榮璋,陳明真,陳秀惠,潘孟安,魏明谷,,,,,,,,,,,,,,,,,,,,,,,,,,,,,,,,"本院委員林樹山等 33人,為憲法增修條文早將「殘障者」用 詞正名為「身心障礙者」,法律位階的「殘障福利法」也更 名為「身心障礙保護法」多年,一般市民社會也從善如流的 使用比較中性的「身心障礙者」的稱呼,顯現出我國民進步 與相互尊重的素養與觀念;但觀乎我國許多法律與行政規定 ,條文內容仍以「殘廢」或「殘障」稱呼「身心障礙者」, 有違憲法之修正意旨,也不符合進步社會對弱勢族群的尊重 。後提案修正「兵役法」部分條文,將「殘廢」二字改為「 身心障礙」。是否有當?敬請公決。"
1682,6,兵役法施行法第四十五條條文修正草案,2007/9/11,2007/9/11,交付審查,0,0,0,0,林樹山,,,,,,,,,,,,,,,,,,,,,,,,,,,,,,,,,吳秉叡,鄭國忠,黃偉哲,邱創進,顏文章,陳憲中,王世堅,許德祥,薛凌,林進興,謝明源,張慶惠,湯火聖,李鎮楠,鄭朝明,蔡同榮,王淑慧,王幸男,張花冠,藍美津,郭榮宗,吳富貴,陳瑩,徐國勇,謝欣霓,蔡其昌,林淑芬,王榮璋,陳明真,陳秀惠,潘孟安,魏明谷,,,,,,,,,,,,,,,,,,,,,,,,,,,,,,,,"本院委員林樹山等 33人,為憲法增修條文早將「殘障者」用 詞正名為「身心障礙者」,法律位階的「殘障福利法」也更 名為「身心障礙者權益保障法」多年,一般市民社會也從善 如流的使用比較中性的「身心障礙者」的稱呼,顯現出我國 民進步與相互尊重的素養與觀念;但觀乎我國許多法律與行 政規定,條文內容仍以「殘廢」或「殘障」稱呼「身心障礙 者」,有違憲法之修正意旨,也不符合進步社會對弱勢族群 的尊重。爱提案修正「兵役法施行法」部分條文,將「殘廢 」二字改為「身心障礙」。是否有當?敬請公決。"
1683,6,勞工安全衛生法第二條條文修正草案,2007/9/11,2007/9/11,交付審查,0,0,0,0,林樹山,,,,,,,,,,,,,,,,,,,,,,,,,,,,,,,,,吳秉叡,鄭國忠,邱創進,顏文章,湯火聖,陳憲中,王世堅,許德祥,薛凌,鄭朝明,林進興,謝明源,張慶惠,李鎮楠,藍美津,蔡同榮,王淑慧,王幸男,張花冠,陳瑩,郭榮宗,吳富貴,徐國勇,蔡其昌,謝欣霓,林淑芬,陳明真,陳秀惠,黃偉哲,潘孟安,魏明谷,,,,,,,,,,,,,,,,,,,,,,,,,,,,,,,,,"本院委員林樹山等 32人,為憲法增修條文早將「殘障者」用 詞正名為「身心障礙者」,而一般市民社會也從善如流的使 用比較中性的「身心障礙者」的稱呼,顯現出我國民進步與 相互尊重的素養與觀念;但觀乎我國許多法律與行政規定, 條文內容仍以「殘廢」或「殘障」稱呼「身心障礙者」,有 違憲法之修正意旨,也不符合進步社會對弱勢族群的尊重。 爱提案修正「勞工安全衛生法」部分條文,將「殘廢」二字 改為「身心障礙」。是否有當?敬請公決。"
1684,6,保安處分執行法第六條條文修正草案,2007/9/11,2007/9/11,交付審查,0,0,0,0,林樹山,,,,,,,,,,,,,,,,,,,,,,,,,,,,,,,,,吳秉叡,鄭國忠,邱創進,顏文章,李鎮楠,陳憲中,王世堅,許德祥,薛凌,鄭朝明,林進興,謝明源,張慶惠,湯火聖,藍美津,蔡同榮,王淑慧,王幸男,張花冠,陳瑩,郭榮宗,吳富貴,徐國勇,蔡其昌,謝欣霓,林淑芬,王榮璋,陳明真,陳秀惠,黃偉哲,潘孟安,魏明谷,,,,,,,,,,,,,,,,,,,,,,,,,,,,,,,,"本院委員林樹山等 33人,為憲法增修條文早將「殘障者」用 詞正名為「身心障礙者」,法律位階的「殘障福利法」也更 名為「身心障礙者權益保障法」多年,一般市民社會也從善 如流的使用比較中性的「身心障礙者」的稱呼,顯現出我國 民進步輿相互尊重的素養與觀念;但觀乎我國許多法律與行 政規定,條文內容仍以「殘廢」或「殘障」稱呼「身心障礙 者」,有違憲法之修正意旨,也不符合進步社會對弱勢族群 的尊重。爱提案修正「保安處分執行法」部分條文,將「殘 廢」二字改為「身心障礙」。是否有當?敬請公決。"
1685,6,民法第九百七十六條條文修正草案,2007/9/11,2007/9/11,交付審查,0,0,0,0,林樹山,,,,,,,,,,,,,,,,,,,,,,,,,,,,,,,,,吳秉叡,鄭國忠,黃偉哲,邱創進,顏文章,陳憲中,王世堅,許德祥,薛凌,林進興,謝明源,張慶惠,湯火聖,李鎮楠,鄭朝明,蔡同榮,王淑慧,王幸男,張花冠,藍美津,郭榮宗,吳富貴,陳瑩,徐國勇,謝欣霓,蔡其昌,陳明真,陳秀惠,潘孟安,魏明谷,,,,,,,,,,,,,,,,,,,,,,,,,,,,,,,,,,"本院委員林樹山等 31人,為憲法增修條文早將「殘障者」用 詞正名為「身心障礙者」,法律位階的「殘障福利法」也更 名為「身心障礙者權益保障法」多年,一般市民社會也從善 如流的使用比較中性的「身心障礙者」的稱呼,顯現出我國 民進步與相互尊重的素養與觀念;但觀乎我國許多法律與行 政規定,條文內容仍以「殘廢」或「殘障」稱呼「身心障礙 者」,有違憲法之修正意旨,也不符合進步社會對弱勢族群 的尊重。爱提案修正「民法」部分條文,將「殘廢」二字改 為「身心障礙」。是否有當?敬請公決。"
1686,6,勞工保險局組織條例第五條條文修正草案,2007/9/11,2007/9/11,交付審查,0,0,0,0,林樹山,,,,,,,,,,,,,,,,,,,,,,,,,,,,,,,,,吳秉叡,鄭國忠,黃偉哲,邱創進,顏文章,陳憲中,王世堅,許德祥,薛凌,林進興,謝明源,張慶惠,湯火聖,李鎮楠,鄭朝明,蔡同榮,王淑慧,王幸男,張花冠,藍美津,郭榮宗,吳富貴,陳瑩,徐國勇,蔡其昌,謝欣霓,林淑芬,陳明真,陳秀惠,潘孟安,魏明谷,,,,,,,,,,,,,,,,,,,,,,,,,,,,,,,,,"本院委員林樹山等 32人,為憲法增修條文早將「殘障」用詞 正名為「身心障礙者」,而一般市民社會也從善如流的使用 比較中性的「身心障礙者」的稱呼,顯現出我國民進步與相 互尊重的素養與觀念;但觀乎我國許多法律與行政規定,條 文內容仍以「殘廢」或「殘障」稱呼「身心障礙者」,有違 憲法之修正意旨,也不符合進步社會對弱勢族群的尊重。爱 提案修正「勞工保險局組織條例」部分條文,將「殘廢」二 字改為「身心障礙」。是否有當?敬請公決。"
1687,6,少年輔育院條例第二十四條條文修正草案,2007/9/11,2007/9/11,交付審查,0,0,0,0,林樹山,,,,,,,,,,,,,,,,,,,,,,,,,,,,,,,,,吳秉叡,鄭國忠,黃偉哲,邱創進,顏文章,陳憲中,王世堅,許德祥,薛凌,林進興,謝明源,張慶惠,湯火聖,李鎮楠,鄭朝明,蔡同榮,王淑慧,王幸男,張花冠,藍美津,郭榮宗,吳富貴,徐國勇,蔡其昌,陳瑩,謝欣霓,林淑芬,陳明真,陳秀惠,潘孟安,魏明谷,,,,,,,,,,,,,,,,,,,,,,,,,,,,,,,,,"本院委員林樹山等 32人,為憲法增修條文早將「殘障者」用 詞正名為「身心障礙者」,法律位階的「殘障福利法」也更 名為「身心障礙者權益保障法」多年,一般市民社會也從善 如流的使用比較中性的「身心障礙者」的稱呼,顯現出我國 民進步輿相互尊重的素養與觀念;但觀乎我國許多法律與行 政規定,條文內容仍以「殘廢」或「殘障」稱呼「身心障礙 者」,有違憲法之修正意旨,也不符合進步社會對弱勢族群 的尊重。爱提案修正「少年輔育院條例」部分條文,將「殘 廢」二字改為「身心障礙」。是否有當?敬請公決。"
1688,6,交通部郵電事業人員退休撫卹條例部分條文修正草案,2007/9/11,2007/9/11,交付審查,0,0,0,0,林樹山,,,,,,,,,,,,,,,,,,,,,,,,,,,,,,,,,吳秉叡,鄭國忠,黃偉哲,邱創進,顏文章,陳憲中,王世堅,許德祥,薛凌,林進興,謝明源,張慶惠,湯火聖,李鎮楠,鄭朝明,蔡同榮,王淑慧,王幸男,張花冠,藍美津,郭榮宗,吳富貴,徐國勇,謝欣霓,陳瑩,蔡其昌,林淑芬,陳明真,陳秀惠,潘孟安,魏明谷,,,,,,,,,,,,,,,,,,,,,,,,,,,,,,,,,"本院委員林樹山等 32人,為憲法增修條文早將「殘障者」用 詞正名為「身心障礙者」,法律位階的「殘障福利法」也更 名為「身心障礙者權益保障法」多年,一般市民社會也從善 如流的使用比較中性的「身心障礙者」的稱呼,顯現出我國 民進步與相互尊重的素養與觀念;但觀乎我國許多法律與行 政規定,條文內容仍以「殘廢」或「殘障」稱呼「身心障礙 者」,有違憲法之修正意旨,也不符合進步社會對弱勢族群 的尊重。爱提案修正「交通部郵電事業人員退休撫邮條例」 部分條文,將「殘廢」二字改為「身心障礙」。是否有當? 敬請公決。"
1689,6,公務人員退休法第五條及第七條條文修正草案,2007/9/11,2007/9/11,交付審查,0,0,0,0,林樹山,,,,,,,,,,,,,,,,,,,,,,,,,,,,,,,,,黃偉哲,魏明谷,吳秉叡,鄭國忠,邱創進,顏文章,李鎮楠,陳憲中,王世堅,許德祥,薛凌,鄭朝明,林進興,謝明源,張慶惠,湯火聖,藍美津,蔡同榮,王淑慧,張慶惠,湯火聖,藍美津,蔡同榮,王淑慧,王幸男,張花冠,陳瑩,郭榮宗,吳富貴,徐國勇,謝欣霓,王榮璋,蔡其昌,林淑芬,陳明真,陳秀惠,,,,,,,,,,,,,,,,,,,,,,,,,,,,"本院委員林樹山等 32人,為憲法增修條文早將「殘障者」用 詞正名為「身心障礙者」,而一般市民社會也從善如流的使 用比較中性的「身心障礙者」的稱呼,顯現出我國民進步與 相互尊重的素養與觀念;但觀乎我國許多法律與行政規定, 條文內容仍以「殘廢」或「殘障」稱呼「身心障礙者」,有 違憲法之修正意旨,也不符合進步社會對弱勢族群的尊重。 爱提案修正「公務人員退休法」部分條文,將「殘廢」二字 改為「身心障礙」。是否有當?敬請公決。"
1738,6,公益彩券發行條例第八條條文修正草案,2007/10/19,2007/10/19,交付審查,0,0,0,0,藍美津,沈智慧,,,,,,,,,,,,,,,,,,,,,,,,,,,,,,,,湯火聖,葉芳雄,高建智,王世勛,曾燦燈,馮定國,陳朝龍,盧秀燕,吳清池,邱鏡淳,黃志雄,劉盛良,吳成典,林滄敏,張麗善,何智輝,黃昭順,鄭朝明,陳啟昱,顏文章,賴幸媛,黃誠,吳富貴,洪秀柱,廖國棟,廖本煙,章仁香,杜文卿,陳朝容,楊仁福,潘孟安,魏明谷,林正二,尹伶瑛,朱鳳芝,羅明才,陳銀河,孔文吉,曹來旺,莊和子,陳志彬,吳明敏,呂學樟,王幸男,趙良燕,謝明源,郭玟成,江義雄,侯彩鳳,紀國棟,高志鵬,,,,,,,,,,,,,"本院委員藍美津、沈智慧等 53人,為保障社會弱勢者取得公 益彩券經銷商資格、防止人頭戶情形,並擴大身心障礙者、 低收入單親家庭及原住民就業機會,特提出「公益彩券發行 條例第八條」條文修正草案,公益彩券經銷商之遴選,應以 具工作能力之身心障礙者、原住民及低收入單親家庭為限; 經銷商僱用員工,應以具工作能力之配偶、直系血親、身心 障礙者、原住民及低收入單親家庭為限。是否有當,敬請公 決。"
1802,6,勞工保險條例部分條文修正草案,2007/11/16,2007/12/21,二讀,0,1,1,1,羅志明,,,,,,,,,,,,,,,,,,,,,,,,,,,,,,,,,,,,,,,,,,,,,,,,,,,,,,,,,,,,,,,,,,,,,,,,,,,,,,,,,,,,,,,,,,,,,,,,"本院台聯黨團,為改革我國社會保險體系,建立進步、公平 的勞工保險年金保障制度,提供勞工或其遺屬長期生活保障 ,實施勞工保險之身心障礙、老年及遺屬年金制度,爱參酌 國內工會團體之意見及歐洲國家社會保險制度,擬具「勞工 保險條例」部分條文修正草案,是否有當,敬請公決。"
