ID,會期,法案,提案時間,結果時間,法案結果,三讀,三讀＋二讀＋委員會審竣,三讀＋二讀＋委員會審查,黨團提案,提案人1,提案人2,提案人3,提案人4,提案人5,提案人6,提案人7,提案人8,提案人9,提案人10,提案人11,提案人12,提案人13,提案人14,提案人15,提案人16,提案人17,提案人18,提案人19,提案人20,提案人21,連署人1,連署人2,連署人3,連署人4,連署人5,連署人6,連署人7,連署人8,連署人9,連署人10,連署人11,連署人12,連署人13,連署人14,連署人15,連署人16,連署人17,連署人18,連署人19,連署人20,連署人21,連署人22,連署人23,連署人24,連署人25,連署人26,連署人27,連署人28,連署人29,連署人30,連署人31,連署人32,連署人33,連署人34,連署人35,連署人36,連署人37,連署人38,連署人39,連署人40,連署人41,連署人42,連署人43,連署人44,連署人45,連署人46,連署人47,連署人48,連署人49,連署人50,連署人51,連署人52,連署人53,連署人54,連署人55,連署人56,連署人57,連署人58,連署人59,連署人60,連署人61,連署人62,關鍵字,關係文書
26,1,公教人員保險法第十八條條文修正草案,2020/3/3,2020/3/3,交付審查,0,0,0,0,羅致政,,,,,,,,,,,,,,,,,,,,,莊瑞雄 ,余天,何欣純,邱志偉,吳玉琴,湯蕙禎,黃國書,邱泰源,王美惠,蔡適應,陳歐珀,劉櫂豪,陳明文,蔡易餘,趙天麟,,,,,,,,,,,,,,,,,,,,,,,,,,,,,,,,,,,,,,,,,,,,,,,,"公教人員保險, 公教人員, 保險",本院委員羅致政等 16 人，鑒於極重度及重度身心障礙者老化年齡與平均餘命皆較一般合理正常人為早為短，且因身心功能之退化而退出職場，退休後的生活卻難以獲得公教人員保險老年給付之充分保障，爰提出「公教人員保險法第十八條」條文修正草案。是否有當？敬請公決。
27,1,勞工保險條例第五十八條條文修正草案,2020/3/3,2020/3/3,交付審查,0,0,0,0,羅致政,,,,,,,,,,,,,,,,,,,,,余天,何欣純,邱志偉,湯蕙禎,王美惠,黃國書,吳玉琴,邱泰源,陳歐珀,劉櫂豪,趙天麟,蔡易餘,陳明文,莊瑞雄,蔡適應,,,,,,,,,,,,,,,,,,,,,,,,,,,,,,,,,,,,,,,,,,,,,,,,"勞工保險, 勞工, 保險",本院委員羅致政等 16 人，鑒於身心障礙者因提早老化，工作年資普遍較短，無法和一般勞工一體適用相同的退休年齡，其亦與身心障礙者權益保障法中明訂身心障礙勞工須有提早退休機制不符，爰提出「勞工保險條例第五十八條」條文修正草案。是否有當？敬請公決。
34,1,所得稅法第十七條條文修正草案,2020/3/3,2020/4/15,委員會審查,0,0,1,0,費鴻泰,楊瓊瓔 ,陳超明,,,,,,,,,,,,,,,,,,,陳雪生 ,孔文吉 ,林奕華,陳玉珍 ,廖國棟 ,萬美玲 ,林文瑞 ,魯明哲 ,曾銘宗 ,李德維 ,洪孟楷 ,張育美,鄭正鈐 ,李貴敏 ,林思銘 ,徐志榮 ,廖婉汝 ,林德福, 陳以信,鄭麗文 ,溫玉霞 ,吳斯懷,,,,,,,,,,,,,,,,,,,,,,,,,,,,,,,,,,,,,,,,,"所得稅, 所得, 稅",本院委員費鴻泰、楊瓊瓔、陳超明等 25 人，有鑒於高齡化、少子化社會問題益趨嚴重，加以低薪、高物價情事日益惡化，使得受薪民眾生活壓力沈重，已對家庭與社會安定構成重大威脅。為適度減輕中低所得者、薪資所得者及身心障礙者之租稅負擔，並化解少子化、高齡化問題，爰提出「所得稅法」第十七條條文修正草案。是否有當？敬請公決。
39,1,勞工保險條例第五十八條條文修正草案,2020/3/3,2020/3/3,交付審查,0,0,0,0,費鴻泰,楊瓊瓔 ,陳超明,江啟臣,,,,,,,,,,,,,,,,,,萬美玲 ,曾銘宗,李德維,廖國棟,陳雪生,孔文吉,林奕華,林文瑞,鄭正鈐,李貴敏,林思銘,魯明哲,洪孟楷,陳玉珍,張育美,廖婉汝,陳以信,徐志榮,鄭麗文,游毓蘭,溫玉霞,,,,,,,,,,,,,,,,,,,,,,,,,,,,,,,,,,,,,,,,,,"勞工保險, 勞工, 保險",本院委員費鴻泰、楊瓊瓔、陳超明、江啟臣等 25 人，有鑑於身心障礙者老化年齡較早，容易因為身心功能的退化，必須提早退出職場，導致其退休生活難以獲得勞工保險老年給付之保障。爰提案修正「勞工保險條例第五十八條」，新增身心障礙者年滿五十五歲，保險年資符合規定者，即得請領老年給付。是否有當？敬請公決。
60,1,就業保險法第十九條之一條文修正草案,2020/3/3,2021/12/14,三讀,1,1,1,0,許淑華,,,,,,,,,,,,,,,,,,,,,萬美玲,林文瑞,魯明哲,廖國棟,呂玉玲,李德維,鄭正鈐 ,吳怡玎 ,吳斯懷 ,溫玉霞,孔文吉,林奕華,李貴敏,徐志榮,林為洲,鄭麗文,,,,,,,,,,,,,,,,,,,,,,,,,,,,,,,,,,,,,,,,,,,,,,,"就業保險, 就業, 保險",本院委員許淑華等 17 人，有鑑於現行規定失業者若扶養無工作收入之配偶、未成年子女或身心障礙子女，失業加給能申請加領 10%，最多可加 20%，然就業保險法並未將父母納入扶養眷屬，致失業者雙親無法獲得妥善照顧，相對加重失業者的生活負擔，與就業保險法之立法精神有悖。爰擬具「就業保險法」第十九條之一條文修正草案，明定非自願離職退保之被保險人，若有無收入父母須扶養，將計入扶養單位，並放寬申請加領上限至 30%，降低我國失業者扶養負擔。是否有當？敬請公決。
128,1,身心障礙者權益保障法第五十三條之一及第九十九條條文修正草案,2020/3/3,2022/12/15,委員會審查,0,0,1,0,趙正宇,莊瑞雄,劉建國,莊競程,,,,,,,,,,,,,,,,,,張廖萬堅,陳秀寳,余天,黃國書,黃世杰,蘇巧慧,邱泰源,周春米,賴惠員,李昆澤,王美惠,楊曜,蔡易餘,,,,,,,,,,,,,,,,,,,,,,,,,,,,,,,,,,,,,,,,,,,,,,,,,,"身心障礙者權益保障法, 身心障礙者權益, 權益保障, 保障, 權益, 身心障礙者, 身心障礙",本院委員趙正宇、莊瑞雄、劉建國、莊競程等 17 人，鑑於身心障礙者權益保障法第五十三條明訂運輸營運者應於所服務之路線、航線或區域內，規劃適當路線、航線、班次、客車（機船）廂（艙），提供無障礙運輸服務。然若於無障礙運輸服務因故無法使用時，因運輸營運者未提供相關配套措施，導致身心障礙者面臨無法使用該交通工具等窘境，所在多有。為保障身心障礙者之基本權益，爰提案增訂「身心障礙者權益保障法」第五十三條之一，要求運輸營運者於無障礙運輸服務因故無法提供時，應提出相關配套措施，並修正第九十九條，明訂違反第五十三條之一之罰則。是否有當？敬請公決。
140,1,就業服務法第五十二條條文修正草案,2020/3/3,2020/3/3,交付審查,0,0,0,0,曾銘宗,費鴻泰,,,,,,,,,,,,,,,,,,,,賴士葆,吳斯懷,吳怡玎,陳雪生,林奕華,鄭正鈐,馬文君,陳玉珍,鄭天財,廖婉汝,謝衣鳯,溫玉霞,李德維,李貴敏,鄭麗文,游毓蘭,陳以信,萬美玲,,,,,,,,,,,,,,,,,,,,,,,,,,,,,,,,,,,,,,,,,,,,,"就業服務, 就業, 服務",本院委員曾銘宗、費鴻泰等 20 人，鑒於現行就業服務法規範外籍家庭看護工在我國境內工作時間累計上限不得逾十四年，致許多有老人、身心障礙者等長期照護需求之家庭，在培養良久習慣與深厚感情後，卻必須面臨重新訓練及適應新看護之衝擊影響，無疑對沉重的照護壓力雪上加霜。為造福老殘、節省雇主訓練成本及避免照顧之空窗期，並留用優秀之外籍家庭看護工，爰修正「就業服務法第五十二條條文」，將外籍看護工之工作年限延長至二十年，並對特殊情況及有長期照護需求者不受限制。是否有當？敬請公決。
185,1,勞工保險條例第五十八條條文修正草案,2020/3/6,2020/3/10,交付審查,0,0,0,0,張廖萬堅,李昆澤,,,,,,,,,,,,,,,,,,,,趙天麟,黃秀芳,王美惠,何志偉,沈發惠,邱議瑩,賴瑞隆,劉世芳,蔡易餘,何欣純,吳思瑤 ,莊競程,周春米,余天,蘇震清 ,陳秀寳,,,,,,,,,,,,,,,,,,,,,,,,,,,,,,,,,,,,,,,,,,,,,,,"勞工保險, 勞工, 保險",本院委員張廖萬堅、李昆澤等 18 人，鑒於身心障礙者壽命和體力不同於一般人，屬於提前老化且平均餘命較短的族群；現行勞工保險之老年給付請領年齡為六十歲至六十五歲，惟此一請領標準並未考量身障勞工身體狀況惡化甚至失能的實際狀況，導致身障者可領取老年給付相對變少，爰此，擬具「勞工保險條例第五十八條條文修正草案」，使身障勞工能提早請領老年給付。是否有當？敬請公決。
240,1,保險法增訂第一百四十三條之七及第一百四十三條之八條文草案,2020/3/13,2020/3/13,交付審查,0,0,0,1,高虹安,蔡壁如,賴香伶,張其祿,邱臣遠,,,,,,,,,,,,,,,,,,,,,,,,,,,,,,,,,,,,,,,,,,,,,,,,,,,,,,,,,,,,,,,,,,,,,,,,,,,,,,,保險,本院民眾黨黨團，針對我國已經宣示加入聯合國身心障礙權利公約，政府與民間便應戮力採取適當措施，包括立法，以修正或廢止構成歧視身心障礙者之現行法律、法規、習慣，實踐共同消除對身心障礙者的一切歧視作為。長久以來，我國身心障礙者由於自身生理條件與保險業者商業考量之因素，投保保險之數量長期偏低。為保障身心障礙者被保險人之基本權益，改善身心障礙者保險數量不足，並維護保險市場健全發展，爰提出「保險法第一百四十三條之七及第一百四十三條之八條文增訂草案」，由政府與保險業者提撥資金，設置身心障礙者保險基金，創造財源補助保險業者接受身心障礙者之投保之損失及推行相關政策。是否有當？敬請公決。 
249,1,高級中等學校建教合作實施及建教生權益保障法第二十五條及第二十六條條文修正草案,2020/3/20,2021/5/21,三讀,1,1,1,0,黃國書,,,,,,,,,,,,,,,,,,,,,沈發惠,高嘉瑜,羅致政,吳思瑤,范雲,賴品妤,莊競程,賴惠員,林宜瑾,伍麗華,陳秀寳,蔡易餘,王美惠,黃世杰,羅美玲 ,洪申翰,,,,,,,,,,,,,,,,,,,,,,,,,,,,,,,,,,,,,,,,,,,,,,,"高級中等學校建教合作實施及建教生權益保障, 高級中等學校, 學校, 建教合作, 建教, 建教生, 權益保障, 權益, 保障, 建教合作實施, 高級中等, 建教生權益保障",本院委員黃國書等 17 人，為落實身心障礙者權利公約所揭示之平等、不歧視原則並周全建教生權益之保障，爰提出「高級中等學校建教合作實施及建教生權益保障法」第二十五條及第二十六條條文修正草案。是否有當？敬請公決。
254,1,公職人員選舉罷免法第十四條及第十八條條文修正草案,2020/3/20,2023/5/26,三讀,1,1,1,0,吳玉琴,江永昌,,,,,,,,,,,,,,,,,,,,莊競程,洪申翰,高嘉瑜,郭國文 ,劉建國 ,蔡易餘,何欣純,許智傑,管碧玲,吳琪銘,楊曜,劉世芳 ,湯蕙禎,黃世杰,林昶佐,伍麗華,王美惠,陳瑩,,,,,,,,,,,,,,,,,,,,,,,,,,,,,,,,,,,,,,,,,,,,,"公職人員選舉罷免, 公職人員, 選舉, 罷免",本院委員吳玉琴、江永昌等 20 人，為確保身心障礙者得以平等行使選舉權，爰提具「公職人員選舉罷免法第十四條及第十八條」條文修正草案。是否有當？敬請公決。
255,1,總統副總統選舉罷免法第十一條及第十四條條文修正草案,2020/3/20,2020/3/24,交付審查,0,0,0,0,吳玉琴,江永昌,,,,,,,,,,,,,,,,,,,,莊競程,洪申翰,郭國文 ,劉建國 ,蔡易餘,何欣純,許智傑,高嘉瑜,劉世芳 ,管碧玲,湯蕙禎,楊曜,黃世杰,林昶佐,吳琪銘,王美惠,伍麗華,陳瑩,,,,,,,,,,,,,,,,,,,,,,,,,,,,,,,,,,,,,,,,,,,,,"總統副總統選舉罷免, 總統副總統, 總統, 副總統, 選舉, 罷免",本院委員吳玉琴、江永昌等 20 人，為確保身心障礙者得以平等行使選舉權，爰提具「總統副總統選舉罷免法第十一條及第十四條」條文修正草案。是否有當？敬請公決。
277,1,強制汽車責任保險法第二十七條及第三十五條條文修正草案,2020/3/20,2020/12/25,三讀,1,1,1,0,劉建國,黃秀芳,江永昌,,,,,,,,,,,,,,,,,,,楊曜,黃國書,范雲,陳秀寳,陳亭妃,莊瑞雄,洪申翰,羅致政,羅美玲,莊競程,趙天麟,陳椒華,周春米,賴品妤,,,,,,,,,,,,,,,,,,,,,,,,,,,,,,,,,,,,,,,,,,,,,,,,,"強制汽車責任保險, 汽車責任, 強制汽車責任, 責任保險, 保險, 責任, 強制, 汽車",本院委員劉建國、黃秀芳、江永昌等 17 人，為呼應身心障礙者人權公約之精神，為促進、保護和確保實現身心障礙者所有人權和基本自由充分、平等享有，並促進對身心障礙者固有尊嚴的尊重。爰此，特擬具「強制汽車責任保險法第二十七條及第三十五條條文修正草案」，修正有關身體殘廢等字眼。是否有當？敬請公決。
279,1,警察人員人事條例第三十五條之一及第三十六條之一條文修正草案,2020/3/20,2020/12/25,三讀,1,1,1,0,劉建國,黃秀芳,江永昌,,,,,,,,,,,,,,,,,,,羅美玲,洪申翰,陳椒華,周春米,楊曜,陳亭妃,莊競程,范雲,林宜瑾,羅致政,莊瑞雄,陳秀寳,黃國書,趙天麟,賴品妤,,,,,,,,,,,,,,,,,,,,,,,,,,,,,,,,,,,,,,,,,,,,,,,,"警察人員人事, 警察人員, 警察, 人事",本院委員劉建國、黃秀芳、江永昌等 18 人，為依聯合國二○ ○六年身心障礙者權利公約第五條意旨：締約國應禁止所有基於身心障礙之歧視，保障身心障礙者獲得平等與有效之法律保護，使其不受基於任何原因之歧視；另為促進平等與消除歧視，締約國應採取所有適當步驟，以確保提供合理之對待。」為呼應身心障礙者人權公約之精神，修正涉及對身心障礙者歧視性意涵用語。爰此，特擬具「警察人員人事條例第三十五條之一及第三十六條之一條文修正草案」。是否有當？敬請公決。
295,1,青年發展基本法草案,2020/3/20,2020/3/24,交付審查,0,0,0,0,林德福,江啟臣,李德維,萬美玲,林思銘,楊瓊瓔,,,,,,,,,,,,,,,,陳以信,游毓蘭,溫玉霞,呂玉玲,陳玉珍,吳怡玎,曾銘宗,洪孟楷,張育美,羅明才,鄭麗文,孔文吉,謝衣鳯,鄭天財,廖婉汝,魯明哲,費鴻泰,,,,,,,,,,,,,,,,,,,,,,,,,,,,,,,,,,,,,,,,,,,,,,"青年發展基本, 青年發展, 發展, 基本, 青年",本院委員林德福、江啟臣、李德維、萬美玲、林思銘、楊瓊瓔等 23 人，有鑑於青年不僅僅代表國家的未來，更反映國家現在。各界不斷呼籲應重視青年，強調投資青年就是投資國家未來。相較於兒童、老人、身心障礙，皆有專法明定重要施政方向及內容，唯獨缺少「青年」政策專法，若沒有妥善考慮年輕人的未來，將導致國家陷入惡性循環。如今我國已進入高齡少子化社會，為重視青年主體性，政府也應將資源投注在 15 至 35 歲青年發展，本席等爰制定「青年發展基本法」草案，讓青年能獲得政府資源支持，搭配民間資源引進，以促進青年發展。是否有當？敬請公決。
394,1,公民不在籍投票法草案,2020/4/7,2021/11/17,委員會審竣,0,1,1,0,溫玉霞,,,,,,,,,,,,,,,,,,,,,李貴敏,陳以信,吳斯懷,孔文吉,陳超明,鄭麗文,游毓蘭,吳怡玎,楊瓊瓔,許淑華,曾銘宗,傅崐萁,羅明才,林文瑞,廖婉汝,林為洲,鄭天財,,,,,,,,,,,,,,,,,,,,,,,,,,,,,,,,,,,,,,,,,,,,,,公民不在籍投票法草案,本院委員溫玉霞等 18 人，為落實中華民國憲法第十七條保障人民選舉、罷免、創制、複決之基本權利，以確保人民參政權，不因在外求學工作，或因為疾病、身心障礙、生產或受傷不良於行等種種因素，或因為人民在境外工作生活無法返回戶籍地投票，因而喪失投票的基本權利，應立法明定選舉人於選舉日無法返回戶籍所在地投票者，得申請不在籍投票，爰擬具「公民不在籍投票法」草案。是否有當？敬請公決。
396,1,公職人員選舉罷免法第十四條條文修正草案,2020/4/7,2020/4/7,交付審查,0,0,0,0,范雲,伍麗華,林宜瑾,張廖萬堅,莊瑞雄,黃國書,劉建國,賴品妤,,,,,,,,,,,,,,羅致政,黃世杰,王美惠,吳琪銘,湯蕙禎,林楚茵,吳玉琴,江永昌,林淑芬,陳瑩,莊競程,余天,陳亭妃,吳思瑤,楊曜,洪申翰,李昆澤,周春米,高嘉瑜,蘇巧慧,鄭運鵬,陳柏惟,趙正宇,林昶佐,陳秀寳,許智傑,王定宇,吳秉叡,,,,,,,,,,,,,,,,,,,,,,,,,,,,,,,,,,,公職人員選舉罷免法第十四條條文修正草案,本院委員范雲、伍麗華、林宜瑾、張廖萬堅、莊瑞雄、黃國書、劉建國、賴品妤等 35 人，鑑於我國歷經民主化與教育普及，且歷經社會資訊流通急遽提高，近年來青少年自主及公民意識逐漸增強、參與公共事務比例驟增，民間多有成年年齡調降之修法呼聲，世界各民主國家亦多以十八歲為選舉權之行使年齡；且我國國民公民權利義務亦有不對等之情形，故總統副總統選舉罷免法所定公民參政權之年齡限制，實有修正之必要。為落實世代正義，積極擴大公民參與之基礎，應賦予十八歲以上之年輕公民行使選舉權之權利。又鑑於監護制度係為保護受監護身心障礙者之利益而非侵害其權利，然現行總統副總統選舉罷免法卻限制受監護宣告者之參政權。在身心障礙者權利公約初次國家報告國際審查會議結論性意見中，國際委員不僅敘明此問題更建議現行選舉法規應予修訂；我國既已於 2014 年公告施行身心障礙者權利公約施行法，應遵循修正。爰擬具「總統副總統選舉罷免法第十一條及第二十三條條文修正草案」，進一步落實我國民主平等之深化。是否有當？敬請公決。
397,1,總統副總統選舉罷免法第十一條及第二十三條條文修正草案,2020/4/7,2020/4/7,交付審查,0,0,0,0,范雲,伍麗華,林宜瑾,張廖萬堅,莊瑞雄,黃國書,劉建國,賴品妤,,,,,,,,,,,,,,吳玉琴,羅致政,黃世杰,王美惠,吳琪銘,湯蕙禎,林楚茵,江永昌,林淑芬,陳瑩,莊競程,余天,陳亭妃,楊曜,吳思瑤,洪申翰,李昆澤,周春米,高嘉瑜,蘇巧慧,鄭運鵬,陳柏惟,趙正宇,林昶佐,陳秀寳,許智傑,吳秉叡,,,,,,,,,,,,,,,,,,,,,,,,,,,,,,,,,,,,總統副總統選舉罷免法第十一條及第二十三條條文修正草案,本院委員范雲、伍麗華、林宜瑾、張廖萬堅、莊瑞雄、黃國書、劉建國、賴品妤等 35 人，鑑於我國歷經民主化與教育普及，且歷經社會資訊流通急遽提高，近年來青少年自主及公民意識逐漸增強、參與公共事務比例驟增，民間多有成年年齡調降之修法呼聲，世界各民主國家亦多以十八歲為選舉權之行使年齡；且我國國民公民權利義務亦有不對等之情形，故總統副總統選舉罷免法所定公民參政權之年齡限制，實有修正之必要。為落實世代正義，積極擴大公民參與之基礎，應賦予十八歲以上之年輕公民行使選舉權之權利。又鑑於監護制度係為保護受監護身心障礙者之利益而非侵害其權利，然現行總統副總統選舉罷免法卻限制受監護宣告者之參政權。在身心障礙者權利公約初次國家報告國際審查會議結論性意見中，國際委員不僅敘明此問題更建議現行選舉法規應予修訂；我國既已於 2014 年公告施行身心障礙者權利公約施行法，應遵循修正。爰擬具「總統副總統選舉罷免法第十一條及第二十三條條文修正草案」，進一步落實我國民主平等之深化。是否有當？敬請公決。
410,1,總統副總統選舉罷免法第十四條及第五十三條條文修正草案,2020/4/7,2020/4/7,交付審查,0,0,0,0,蔣萬安,林為洲,費鴻泰,謝衣鳯,,,,,,,,,,,,,,,,,,徐志榮,陳超明,曾銘宗,廖婉汝,溫玉霞,林思銘,吳怡玎,廖國棟,許淑華,游毓蘭,張育美,楊瓊瓔,萬美玲,洪孟楷,,,,,,,,,,,,,,,,,,,,,,,,,,,,,,,,,,,,,,,,,,,,,,,,,總統副總統選舉罷免法第十四條及第五十三條條文修正草案,本院委員蔣萬安、林為洲、費鴻泰、謝衣鳯等 18 人，依據聯合國《身心障礙者權利公約》第二十九條a項（iii）款：「保障身心障礙者作為選民，得以自由表達意願，及為此目的，於必要情形，根據其要求，允許由其選擇之人協助投票」規定，為維護人類固有尊嚴與價值，以及平等與不可剝奪之權利，應保障身心障礙者能在與他人平等之基礎上享有政治權利，國家應營造友善投票環境。另外，為便利有照顧兒童需求之選舉人行使投票權，並參酌「兒童及少年福利與權益保障法」第五十一條父母、監護人或其他實際照顧之人，不得使六歲以下兒童獨處規定，應增列選舉人為照顧六歲以下兒童，得與其一同進入投票所規定。爰提案修正「總統副總統選舉罷免法第十四條及第五十三條條文」。是否有當？敬請公決。
420,1,公民不在籍投票法草案,2020/4/10,2021/11/17,委員會審竣,0,1,1,0,林為洲,洪孟楷,鄭正鈐,楊瓊瓔,傅崐萁,,,,,,,,,,,,,,,,,李德維,廖婉汝,鄭麗文,陳超明,謝衣鳯,萬美玲,陳玉珍,林思銘,翁重鈞,林文瑞,呂玉玲,吳斯懷,張育美,魯明哲,羅明才,溫玉霞,,,,,,,,,,,,,,,,,,,,,,,,,,,,,,,,,,,,,,,,,,,,,,,公民不在籍投票法草案,本院委員林為洲、洪孟楷、鄭正鈐、楊瓊瓔、等 21 人，為保障憲法對於人民選舉、罷免、創制及複決等公民權的平等行使，並且為提高公民投票率、增加政府統治之正當性，並與國際政治潮流接軌，並確保人民不因離鄉背井求學、工作，或因疾病、身心障礙、生產或受傷而不良於行，導致選舉或全國性公民投票當日無法返回戶籍地，進而喪失投票之權利，復依現行法規定選舉人於選舉日時，必須返回戶籍地投票已不合時宜，徒增行使投票權之困難，且考量我國選務技術已漸趨成熟，故開放不在籍投票已為時勢所趨，特擬具「公民不在籍投票法草案」。是否有當？敬請公決。
494,1,農民退休儲金條例草案,2020/4/17,2020/5/22,三讀,1,1,1,0,蘇治芬,蔡易餘,莊瑞雄,賴惠員,,,,,,,,,,,,,,,,,,陳亭妃,蘇震清,邱志偉,劉世芳,范雲,黃秀芳,羅致政,鍾佳濱,蘇巧慧,王美惠,邱泰源,莊競程,張廖萬堅,,,,,,,,,,,,,,,,,,,,,,,,,,,,,,,,,,,,,,,,,,,,,,,,,,農民退休儲金條例草案,本院委員蘇治芬、蔡易餘、莊瑞雄、賴惠員等 17 人，鑒於「中華民國建國一百年社會福利政策綱領」中指出，社會保險之目的在於保障全體國民免於因年老、疾病、死亡、身心障礙、生育，以及保障受僱者免於因職業災害、失業、退休，而陷入個人及家庭的經濟危機。據此，其體系應涵蓋職業災害保險、健康保險、年金保險、就業保險、長期照護保險等。政府更應積極縮小因不同職業別與所得等級造成給付水準、所得替代率與給付條件等之差距。我國大多數職業均有退休制度，以我國軍公教人員及勞工為例，分別有軍人保險、公教人員保險及勞工保險等退伍給付、養老給付及老年給付，同時亦可支領退休金之制度，惟農民老年安養缺乏法定之社會安全保障，農民健康保險中欠缺老年給付，僅以補充性質的老農福利津貼發放，缺乏完善退休金制度，農民老年生活保障顯有不足。為健全農民社會安全制度，照顧農民退休安養生活提供經濟生活保障，以鼓勵年輕人投入農業生產，調整農業勞動力結構，參考勞工退休金條例所定勞工退休金等制度，設立農民退休儲金個人專戶（以下簡稱退休儲金專戶），由農民與政府共同提繳農民退休儲金，以供農民未來退休養老使用，爰擬具「農民退休儲金條例」草案。是否有當？敬請公決。
531,1,身心障礙者權益保障法第六條條文修正草案,2020/4/24,2022/12/15,委員會審查,0,0,1,0,莊競程,莊瑞雄,,,,,,,,,,,,,,,,,,,,張廖萬堅,余天,陳亭妃,趙正宇,范雲,陳秀寳,黃國書,王美惠,陳素月,賴惠員,高嘉瑜,賴品妤,李昆澤,何欣純,蘇巧慧,王定宇,黃世杰,,,,,,,,,,,,,,,,,,,,,,,,,,,,,,,,,,,,,,,,,,,,,,身心障礙者權益保障法第六條條文修正草案,本院委員莊競程、莊瑞雄等 19 人，鑑於「身心障礙者權益保障法」修法改採聯合國世界衛生組織頒布之「國際健康功能與身心障礙分類」後，衛生福利部出於行政怠惰，未如修法預期納入鑑定人員所進行之「活動參與及環境因素」評估結果，爰擬具「身心障礙者權益保障法第六條條文修正草案」，於法律層級明定職能治療師為身心障礙者鑑定審議諮詢小組必要成員。是否有當？敬請公決。
595,1,警察人員人事條例第三十五條之一及第三十六條之一條文修正草案,2020/4/24,2020/12/25,三讀,1,1,1,0,伍麗華,,,,,,,,,,,,,,,,,,,,,羅美玲,陳素月,陳秀寳,李昆澤,管碧玲,林楚茵,邱議瑩,吳思瑤,范雲,吳玉琴,黃世杰,沈發惠,賴惠員,蘇治芬,高嘉瑜,林宜瑾,周春米,羅致政,鍾佳濱,,,,,,,,,,,,,,,,,,,,,,,,,,,,,,,,,,,,,,,,,,,,警察人員人事條例第三十五條之一及第三十六條之一條文修正草案,本院委員伍麗華 Saidhai Tahovecahe 等 20 人，對於聯合國二○○六年身心障礙者權利公約第五條意旨：「締約國應禁止所有基於身心障礙之歧視，保障身心障礙者獲得平等與有效之法律保護，使其不受基於任何原因之歧視；另為促進平等與消除歧視，締約國應採取所有適當步驟，以確保提供合理之對待」，台灣已於一百零三年八月二十日制定公布身心障礙者權利公約施行法，自同年十二月三日施行。為落實身心障礙者權利公約之精神，特擬具「警察人員人事條例第三十五條之一及第三十六條之一條文修正草案」。是否有當？敬請公決。
722,1,公教人員保險法第十八條條文修正草案,2020/5/8,2020/5/12,交付審查,0,0,0,0,林奕華,,,,,,,,,,,,,,,,,,,,,費鴻泰,孔文吉,鄭天財,魯明哲,林思銘,翁重鈞,林文瑞,廖婉汝,李德維,謝衣鳯,鄭麗文,吳怡玎,許淑華,溫玉霞,張育美,萬美玲,鄭正鈐,陳玉珍,游毓蘭,吳斯懷,曾銘宗,,,,,,,,,,,,,,,,,,,,,,,,,,,,,,,,,,,,,,,,,,公教人員保險法第十八條條文修正草案,本院委員林奕華等 22 人，有鑑於重度以上身心障礙者老化年齡與平均餘命與一般正常人相較之下較早且較短，故重度或極重度身心障礙者之勞動能力退化較為迅速，退休後之生活卻未能獲得充分保障，且考量身心障礙者權益保障法之相關規定，亦含括身心障礙者提早退休之精神；為確保身心障礙者之權益，增列重度與極重度身心障礙者退休年齡得提早至五十五歲，且得全額領取養老年金，爰擬具「公教人員保險法第十八條條文修正草案」。是否有當？敬請公決。
831,1,身心障礙者權益保障法第十四條及第一百零六條條文修正草案,2020/5/15,2020/12/30,三讀,1,1,1,0,蔣萬安,張育美,鄭正鈐,呂玉玲,,,,,,,,,,,,,,,,,,洪孟楷,陳雪生,陳玉珍,李德維,廖國棟,魯明哲,林為洲,溫玉霞,孔文吉,曾銘宗,吳斯懷,鄭天財,林奕華,廖婉汝,林文瑞,,,,,,,,,,,,,,,,,,,,,,,,,,,,,,,,,,,,,,,,,,,,,,,,身心障礙者權益保障法第十四條及第一百零六條條文修正草案,本院委員蔣萬安、張育美、鄭正鈐、呂玉玲等 19 人，鑑於「身心障礙者權益保障法」第十四條自民國九十六年新增施行後，原領有永久有效身心障礙手冊之民眾，因身心障礙證明有效期限最長五年之限制，致使身心障礙者須主動於效期屆滿前申請辦理重新鑑定與需求評估。然對於許多無法恢復屬不可逆之身心障礙者，此規定並無實益，浪費行政資源且徒增身心障礙者及家屬之困擾；依照該法一百零六條規定，民國九十六年六月五日修正之條文全面施行前已領有身心障礙手冊者，需於民國一百零八年七月底前進行換證程序，若屆期未辦理者，身心障礙者原持有之身心障礙手冊資格可能遭註銷。惟目前領有身心障礙手冊者，若屬重症且為不可逆疾病之民眾，行動往來需仰賴家屬或親友協助，若無人協助、或家屬親友對於相關法令不熟悉，致未能於期限屆至前辦理換證程序，將導致其原持有之身心障礙手冊遭註銷，嚴重影響身心障礙民眾權益。爰提出「身心障礙者權益保障法第十四條及第一百零六條」條文修正草案身心障礙類別屬中央衛生主管機關規定無法減輕或恢復，且無須重新鑑定者，不受第十四條第一項身心障礙證明有效期限五年之限制，應逕予核發永久有效之身心障礙證明，屆期未辦理換證程序者，課予直轄市、縣（市）主管機關應主動協助辦理之義務。若經協助後，身心障礙民眾仍無正當理由拒絕辦理換證程序，主管機關亦得斟酌情況裁量決定是否註銷其原持有之身心障礙手冊，俾維護身心障礙民眾之權益。是否有當？敬請公決。
832,1,國民年金法第十七條條文修正草案,2020/5/15,2020/11/26,委員會審查,0,0,1,0,蔣萬安,鄭天財,呂玉玲,,,,,,,,,,,,,,,,,,,洪孟楷,魯明哲,陳雪生,林為洲,吳斯懷,孔文吉,陳玉珍,林奕華,廖婉汝,曾銘宗,溫玉霞,鄭正鈐,廖國棟,李德維,張育美,林文瑞,,,,,,,,,,,,,,,,,,,,,,,,,,,,,,,,,,,,,,,,,,,,,,,國民年金法第十七條條文修正草案,"本院委員蔣萬安、鄭天財 Sra Kacaw、呂玉玲等 19 人，鑑於現行《國民年金法》制定目的，在於確保未能於相關社會保險獲得適足保障之國民，於老年及發生身心障礙時能享有最基本之經濟安全保障。截至民國 109 年 2 月為止，國民年金被保險人數為 3,299,044 人，自 97 年開辦國民年金以來第 1期至第4期保費未繳納人數平均為1,129,658 人，已有 1.6 萬人於108 年滿 65 歲，達到老人年金請領要件。依照現行《國民年金法》第十七條規定，未能在 10 年法定補繳期限內完成補繳者，喪失老年年金擇優計算，無法享有領取基本保障之權利。考量未能遵期繳納國民年金之民眾，多屬社會經濟弱勢，非惡意不為繳納，且「國民年金」採柔性強制納保，民眾老年生活無法獲得經濟保障，恐衍生更多社會問題，屆時需投注更多資源加以解決。為保障經濟弱勢民眾老年能夠享有基本經濟保障，爰提出「國民年金法第十七條」條文修正草案，明定逾期十年之部分被保險人得請求補繳，補繳程序、滯納金及其他應遵行事項之辦法，由保險人擬訂並報請中央機關核定後發布。是否有當？敬請公決。"
842,1,老人福利法第二十五條條文修正草案,2020/5/15,2020/5/19,交付審查,0,0,0,0,謝衣鳯,,,,,,,,,,,,,,,,,,,,,呂玉玲,萬美玲,吳斯懷,鄭天財,游毓蘭,李貴敏,鄭正鈐,林奕華,張育美,廖國棟,廖婉汝,陳雪生,林思銘,翁重鈞,林文瑞,魯明哲,洪孟楷,陳以信,,,,,,,,,,,,,,,,,,,,,,,,,,,,,,,,,,,,,,,,,,,,,老人福利法第二十五條條文修正草案,本院委員謝衣鳯等 19 人，為因應人口高齡化趨勢、增進年長者福利及減輕照顧者之經濟負擔，參考身心障礙者權益保障法第五十九條，給予年滿七十五歲以上之老人其必要陪伴者一人，同樣得享有大眾運輸工具、康樂場所及參觀文教設施之優待措施，以減輕家庭照顧之經濟壓力。爰提出「老人福利法」第二十五條條文修正草案。是否有當？敬請公決。
847,1,宣誓條例第五條及第九條條文修正草案,2020/5/22,2020/5/26,交付審查,0,0,0,0,林昶佐,,,,,,,,,,,,,,,,,,,,,高嘉瑜,蔡易餘,伍麗華,范雲,蘇巧慧,張廖萬堅,陳秀寳,鄭運鵬,吳秉叡,邱議瑩,莊競程,林楚茵,吳玉琴,王美惠,賴品妤,,,,,,,,,,,,,,,,,,,,,,,,,,,,,,,,,,,,,,,,,,,,,,,,宣誓條例第五條及第九條條文修正草案,本院委員林昶佐等 16 人，有鑑於公職人員之宣誓，旨在使宣誓者就任其位並行使職權，公開表示遵守憲法及法律、盡忠職務之儀式，考量社會多元性及《身心障礙者權利公約》，宣誓儀式不宜規定固定形式，應依宣誓人表達意思之方式為之即為成立。另有關公職人員違反法令之規定，於其他法律皆已有規範。爰提出「宣誓條例第五條及第九條條文修正草案」。是否有當？敬請公決。
917,1,強制汽車責任保險法第二十七條及第三十五條條文修正草案,2020/5/22,2020/5/26,交付審查,0,0,0,0,謝衣鳯,,,,,,,,,,,,,,,,,,,,,呂玉玲,賴士葆,鄭天財,萬美玲,吳怡玎,曾銘宗,林德福,林文瑞,張育美,李德維,林思銘,陳玉珍,魯明哲,溫玉霞,廖婉汝,許淑華,洪孟楷,吳斯懷,,,,,,,,,,,,,,,,,,,,,,,,,,,,,,,,,,,,,,,,,,,,,強制汽車責任保險法第二十七條及第三十五條條文修正草案,本院委員謝衣鳯等 19 人，為落實身心障礙者權利公約（CRPD）之精神，以及符合身心障礙者權利公約施行法第十條「有不符公約規定者，應於本法施行後三年內完成法規之增修、廢止及行政措施之改進」之規定。爰提出「強制汽車責任保險法第二十七條及第三十五條條文修正草案」，修正有關殘廢等文字為失能。是否有當？敬請公決。 
959,1,身心障礙者權益保障法第十四條條文修正草案,2020/5/29,2020/12/30,三讀,1,1,1,0,呂玉玲,蔣萬安,吳斯懷,廖婉汝,張育美,,,,,,,,,,,,,,,,,吳怡玎,林德福,鄭正鈐,江啟臣,李德維,溫玉霞,曾銘宗,徐志榮,游毓蘭,李貴敏,洪孟楷,許淑華,魯明哲,萬美玲,,,,,,,,,,,,,,,,,,,,,,,,,,,,,,,,,,,,,,,,,,,,,,,,,身心障礙者權益保障法第十四條條文修正草案,本院委員呂玉玲、蔣萬安、吳斯懷、廖婉汝、張育美等 19 人，有鑑於身心障礙者權益保障法原定身心障礙證明效期最長五年，身心障礙者應於效期屆滿前向主管機關申請辦理重新鑑定及需求評估，然部分身心障礙者經鑑定後障礙類別為無法減輕或恢復，若要求此群體每五年換發一次證明，實屬浪費行政資源，身心障礙者行動不便外仍要抽空辦理手續，帶給其與家屬困擾。爰提案「身心障礙者權益保障法」第十四條條文修正草案。是否有當？敬請公決。
969,1,高級中等學校建教合作實施及建教生權益保障法第二十六條及第三十二條條文修正草案,2020/5/29,2021/5/21,三讀,1,1,1,0,羅致政,李昆澤,何志偉,,,,,,,,,,,,,,,,,,,余天,賴瑞隆,王美惠,吳玉琴,陳素月,羅美玲,莊競程,洪申翰,許智傑,陳秀寳,沈發惠,管碧玲,邱志偉,,,,,,,,,,,,,,,,,,,,,,,,,,,,,,,,,,,,,,,,,,,,,,,,,,高級中等學校建教合作實施及建教生權益保障法第二十六條及第三十二條條文修正草案,本院委員羅致政、李昆澤、何志偉等 16 人，為確保身心障礙健教生於建教合作期間建教合作機構能提供合理之對待，於最有利於學業與社會發展之環境中，對身心障礙建教生提供有效之個別化協助措施。妥提出「高級中等學校建教合作實施及建教生權益保障法」第二十六條及第三十二條條文修正草案。是否有當？敬請公決。 
983,1,入出國及移民法第二十三條及第二十五條條文修正草案,2020/5/29,2023/5/30,三讀,1,1,1,0,鄭正鈐,游毓蘭,,,,,,,,,,,,,,,,,,,,曾銘宗,費鴻泰,廖國棟,吳斯懷,李德維,魯明哲,溫玉霞,翁重鈞,賴士葆,徐志榮,廖婉汝,林德福,羅明才,吳怡玎,萬美玲,鄭天財,張育美,陳雪生,呂玉玲,楊瓊瓔,,,,,,,,,,,,,,,,,,,,,,,,,,,,,,,,,,,,,,,,,,,入出國及移民法第二十三條及第二十五條條文修正草案,本院委員鄭正鈐、葉毓蘭等 22 人，台灣目前發展數位新創產業需要許多外國的經驗以及新創技術，因此延攬外國人才來台發展，顯然是當前的重要任務，然而目前對於外籍專業人士來台規範並不夠友善。專業外國人士申請取得永久居留權後，為使其在台全心工作、貢獻所長，免於配偶、子女等家人受限移民法規，為免影響在台工作意願，遂增加配偶、子女隨同取得永久居留之權益。以保障專業外國人在台工作之家庭團聚的基本人權。現行在台居留工作之外籍白領人士，已有身心障礙無法自理之成年子女，有共同生活之必要，為免於外籍白領生活工作之不便，以及基於人道之考量。爰修正「入出國及移民法」第二十三條及第二十五條條文。是否有當？敬請公決。 
992,1,特殊教育法第二十三條條文修正草案,2020/5/29,2023/5/29,三讀,1,1,1,0,謝衣鳯,張育美,,,,,,,,,,,,,,,,,,,,孔文吉,鄭天財,李德維,吳斯懷,林德福,溫玉霞,鄭正鈐,陳雪生,萬美玲,賴士葆,曾銘宗,陳玉珍,廖婉汝,林奕華,魯明哲,馬文君,,,,,,,,,,,,,,,,,,,,,,,,,,,,,,,,,,,,,,,,,,,,,,,特殊教育法第二十三條條文修正草案,本院委員謝衣鳯、張育美等 18 人，根據監察院調查報告，目前以發展遲緩兒童為主體跨體系資料交換之「教育部特殊教育通報網」與「衛福部發展遲緩兒童通報暨個案管理整合系統」已完成介接，但就醫療機構之聯合評估報告屬病歷範疇之特殊資料，衛福部以礙於個人資料保護法為由，無法與教育部資訊共享，為增進身心障礙兒童之早期療育之權益，簡化現行之行政流程，並減少重複評估及醫療資源浪費，降低家長反覆奔波的情形。爰提出「特殊教育法第二十三條條文修正草案」，明定教育部與衛福部應進行早期療育資訊系統之整合。是否有當？敬請公決。 
1147,2,軍人撫卹條例第十三條、第二十一條及第四十條條文修正草案,2020/10/6,2023/5/23,三讀,1,1,1,0,王定宇,趙天麟,,,,,,,,,,,,,,,,,,,,高嘉瑜,周春米,鍾佳濱,林宜瑾,余天,陳秀寳,何欣純,湯蕙禎,李昆澤,蔡易餘,黃世杰,邱泰源,羅美玲,洪申翰,陳素月,郭國文,吳秉叡,羅致政,王美惠,沈發惠,伍麗華,許智傑,林俊憲,蘇治芬,莊競程,陳亭妃,林楚茵,,,,,,,,,,,,,,,,,,,,,,,,,,,,,,,,,,,,軍人撫卹條例第十三條、第二十一條及第四十條條文修正草案,本院委員王定宇、趙天麟等 29 人，鑑於我國軍職人員無時無刻盡忠職守、保家衛國，為台灣面對中共武力併吞威脅，迄今仍能維持和平、穩定發展最重要的屏障。國家尤應加強照顧因公殉職官兵的子女，使渠等獲得基本生活照顧，另早期軍職人員為國犧牲奉獻寶貴生命之後，其遺族受領撫卹金給與明顯偏低，囿於現行的軍人撫卹制度之規定，無法隨歷年薪資調增同步調整，國家對該等國軍遺族之權益保障實有不足，本席等認為，這些早期受領舊制撫卹之遺族，應比照身心障礙官兵均以最新給與標準發給遺族撫卹金，且對於作戰或因公殉職遺族為未成年子女時，應加發撫卹金迄成年或取得學士學位時止，及每位遺族每月均應獲得最低生活保障，使國家照顧軍人遺族之法制能與時俱進。爰提出「軍人撫卹條例第十三條、第二十一條及第四十條條文修正草案」。是否有當？敬請公決。 
1229,2,身心障礙者權益保障法第十條條文修正草案,2020/10/6,2022/12/15,委員會審查,0,0,1,0,林楚茵,李昆澤,陳柏惟,許智傑,,,,,,,,,,,,,,,,,,林昶佐,王美惠,邱志偉,陳歐珀,劉櫂豪,洪申翰,陳秀寳,林宜瑾,黃國書,賴品妤,伍麗華,陳瑩,莊競程,劉建國,陳椒華,,,,,,,,,,,,,,,,,,,,,,,,,,,,,,,,,,,,,,,,,,,,,,,,身心障礙者權益保障法第十條條文修正草案,本院委員林楚茵、李昆澤、陳柏惟、許智傑等 19 人，有鑑於《身心障礙權利公約施行法》業於公元 2014 年 12 月 3 日施行，《身心障礙者權益保障法》應朝向符合身心障礙權利公約修正，以提升身心障礙者政策參與權利。爰提出「身心障礙者權益保障法第十條條文修正草案」，將「身心障礙者權益推動小組」入法並調整其代表比例，以保障身心障礙者權益。是否有當？敬請公決。 
1272,2,軍人撫卹條例第十三條、第二十一條及第四十條條文修正草案,2020/10/23,2023/5/23,三讀,1,1,1,0,呂玉玲,孔文吉,林文瑞,,,,,,,,,,,,,,,,,,,洪孟楷,陳玉珍,吳斯懷,曾銘宗,吳怡玎,游毓蘭,蔣萬安,徐志榮,翁重鈞,謝衣鳯,張育美,陳雪生,林為洲,溫玉霞,許淑華,,,,,,,,,,,,,,,,,,,,,,,,,,,,,,,,,,,,,,,,,,,,,,,,軍人撫卹條例第十三條、第二十一條及第四十條條文修正草案,本院委員呂玉玲、孔文吉、林文瑞等 18 人，鑑於我國軍職人員無時無刻盡忠職守、保家衛國，是我國維持和平、穩定發展最重要的屏障。國家尤應加強照顧因公殉職官兵的子女，使渠等獲得基本生活照顧，另早期軍職人員為國犧牲，其遺族受領撫卹金給與明顯偏低，囿於現行的軍人撫卹制度之規定，無法隨歷年薪資調增同步調整，國家對該等國軍遺族之權益保障實有不足。這些早期受領舊制撫卹之遺族，應比照身心障礙官兵均以最新給與標準發給遺族撫卹金，且對於作戰或因公殉職軍職人員之未成年子女，應加發撫卹金迄成年或取得學士學位時止，及每位遺族每月均應獲得最低生活保障，使國家照顧軍人遺族之法制能與時俱進。爰提出「軍人撫卹條例第十三條、第二十一條及第四十條條文修正草案」。是否有當？敬請公決。 
1278,2,身心障礙者權益保障法第六十二條及第六十三條條文修正草案,2020/10/23,2022/12/15,委員會審查,0,0,1,1,邱臣遠,蔡壁如,賴香伶,張其祿,高虹安,,,,,,,,,,,,,,,,,,,,,,,,,,,,,,,,,,,,,,,,,,,,,,,,,,,,,,,,,,,,,,,,,,,,,,,,,,,,,,,身心障礙者權益保障法第六十二條及第六十三條條文修正草案,本院民眾黨黨團，有鑑於含萊克多巴胺的美國豬肉將於明年元旦開放進口，有多位專家學者警告，孕婦、孩童及年長者等敏感族群不宜食用，且恐會加重思覺失調症等精神疾病。因此，在欠缺針對高風險族群進行流行病學調查與健康風險研究情況下，應採有害推定原則，以確保相關照護機構禁止使用含有乙型受體素（亦即萊克多巴胺）之食材，保障身心障礙者健康發展。爰提案「身心障礙者權益保障法第六十二條及第六十三條條文修正草案」。是否有當？敬請公決。
1290,2,身心障礙者權益保障法第六十二條及第六十三條條文修正草案,2020/10/23,2022/12/15,委員會審查,0,0,1,0,謝衣鳯,楊瓊瓔,,,,,,,,,,,,,,,,,,,,廖婉汝,鄭正鈐,孔文吉,洪孟楷,翁重鈞,許淑華,林文瑞,李德維,陳玉珍,賴士葆,吳斯懷,徐志榮,曾銘宗,游毓蘭,,,,,,,,,,,,,,,,,,,,,,,,,,,,,,,,,,,,,,,,,,,,,,,,,身心障礙者權益保障法第六十二條及第六十三條條文修正草案,本院委員謝衣鳯、楊瓊瓔等 16 人，對於政府說CODEX 的萊克多巴胺標準是「大多數國家」都接受的國際標準，實際上只有26個國家接受，而且在世界貿易組織（WHO）也明訂各國本可基於國民健康與風險管理之需要，在基於合理的科學證據與風險評估後，可以採取比國際標準建議更嚴格的國家標準。並且政府此次的健康評估報告未針對孩童、老人、心血管疾病患者特別評估風險，更沒有長期影響人體健康的科學數據。爰提出「身心障礙者權益保障法第六十二條及第六十三條條文修正草案」，明定福利機構提供膳食者，應符合食品安全與衛生管理規定，並禁止使用含乙型受體素之肉品及其他相關產製品。是否有當？敬請公決。 
1376,2,老人福利法第二十五條條文修正草案,2020/12/4,2020/12/4,交付審查,0,0,0,0,邱議瑩,,,,,,,,,,,,,,,,,,,,,邱志偉,王美惠,邱臣遠,張宏陸,羅致政,陳亭妃,洪申翰,蘇巧慧,賴瑞隆,蘇治芬,范雲,陳柏惟,周春米,許智傑,賴品妤,,,,,,,,,,,,,,,,,,,,,,,,,,,,,,,,,,,,,,,,,,,,,,,,老人福利法第二十五條條文修正草案,本院委員邱議瑩等 16 人，我國已於 1993 年成為高齡化社會，2018 年轉為高齡社會，推估將於2025年邁入超高齡社會。為因應人口高齡化趨勢、增進年長者福利及減輕照顧者之經濟負擔，參考身心障礙者權益保障法第五十九條立法例，新增第三項規定得享有大眾運輸工具、康樂場所及參觀文教設施之優待措施，以減輕家庭照護壓力，爰擬具「老人福利法第二十五條條文修正草案」，俾利完備我國長照制度發展。是否有當？敬請公決。 
1383,2,強制汽車責任保險法部分條文修正草案,2020/12/4,2022/5/30,三讀,1,1,1,0,陳明文,,,,,,,,,,,,,,,,,,,,,莊競程,趙天麟,蔡易餘,王美惠,黃世杰,林岱樺,陳亭妃,莊瑞雄,邱議瑩,蘇治芬,劉櫂豪,洪申翰,賴瑞隆,鄭運鵬,邱泰源,羅致政,余天,陳瑩,吳玉琴,,,,,,,,,,,,,,,,,,,,,,,,,,,,,,,,,,,,,,,,,,,,強制汽車責任保險法部分條文修正草案,本院委員陳明文等 20 人，為配合行政院組織改造及公路法第二條之修正，及符合身心障礙者權利公約之精神，並對重複投保而撤銷的保單，保險人返還所繳保費時，得扣除之費用應以該保單產生之直接必要費用為限，以減輕要保人之負擔，兼顧信賴保護原則，爰提出「強制汽車責任保險法部分條文修正草案」。是否有當？敬請公決。 
1387,2,監獄行刑法第十五條條文修正草案,2020/12/4,2020/12/4,交付審查,0,0,0,0,陳秀寳,李德維,伍麗華,劉建國,,,,,,,,,,,,,,,,,,林楚茵,林宜瑾,陳歐珀,黃國書,江永昌,陳椒華,王美惠,王婉諭,張廖萬堅,賴品妤,范雲,余天,許智傑,,,,,,,,,,,,,,,,,,,,,,,,,,,,,,,,,,,,,,,,,,,,,,,,,,監獄行刑法第十五條條文修正草案,本院委員陳秀寳、李德維、伍麗華 Saidhai Tahovecahe、劉建國等 17 人，為協助身心障礙者有效獲得司法保護，積極促進其權利之實現並享有公平的法律保障，爰擬具「監獄行刑法第十五條條文修正草案」，對受刑人為身心障礙者、不通中華民國語言等者，提供手語、通譯等適當協助，以獲得近用的資訊與溝通管道。是否有當？敬請公決。 
1390,2,內政部組織法第十三條條文修正草案,2020/12/4,2023/5/26,三讀,1,1,1,0,吳琪銘,許智傑,洪申翰,,,,,,,,,,,,,,,,,,,王美惠,湯蕙禎,賴惠員,楊曜,陳秀寳,張宏陸,林俊憲,蔡適應,劉櫂豪,管碧玲,伍麗華,邱志偉,黃世杰,黃秀芳,羅美玲,林楚茵,賴品妤,鍾佳濱,江永昌,,,,,,,,,,,,,,,,,,,,,,,,,,,,,,,,,,,,,,,,,,,,內政部組織法第十三條條文修正草案,本院委員吳琪銘、許智傑、洪申翰等 22 人，鑑於法律條文如有不當或歧視性之性質，即應採取修法等方式，消除歧視，提供合理之對待。故爰提案擬具「內政部組織法第十三條」，將條文中「殘障」用語修正為「身心障礙」一詞。是否有當？敬請公決。 
1404,2,身心障礙者權益保障法部分條文修正草案,2020/12/4,2022/12/15,委員會審查,0,0,1,0,吳玉琴,莊瑞雄,,,,,,,,,,,,,,,,,,,,黃秀芳,林淑芬,鍾佳濱,江永昌,林楚茵,陳秀寳,莊競程,邱泰源,何欣純,邱議瑩,劉建國,陳亭妃,林岱樺,楊曜,,,,,,,,,,,,,,,,,,,,,,,,,,,,,,,,,,,,,,,,,,,,,,,,,身心障礙者權益保障法部分條文修正草案,本院委員吳玉琴、莊瑞雄等 16 人，為落實身心障礙者權利公約精神，維護入住身心障礙福利機構者之權益及加強身心障礙者保護，爰提具「身心障礙者權益保障法」部分條文修正草案。是否有當？敬請公決。 
1411,2,身心障礙者權益保障法第七十一條條文修正草案,2020/12/4,2022/12/15,委員會審查,0,0,1,0,蔡適應,羅致政,,,,,,,,,,,,,,,,,,,,蘇治芬,湯蕙禎,劉建國,余天,陳明文,林岱樺,林俊憲,賴瑞隆,陳秀寳,羅美玲,周春米,王定宇,吳思瑤,高嘉瑜,邱議瑩,沈發惠,李昆澤,陳素月,林昶佐,莊競程,邱泰源,王美惠,張廖萬堅,蔡易餘,劉世芳,范雲,吳秉叡,,,,,,,,,,,,,,,,,,,,,,,,,,,,,,,,,,,,身心障礙者權益保障法第七十一條條文修正草案,本院委員蔡適應、羅致政等 29 人，有鑑於「身心障礙者權益保障法第七十一條」雖有明訂直轄市、縣（市）主管機關對轄區內之身心障礙者，應依需求評估結果，提供經費補助，然而該需求評估標準乃授權給中央主管機關及中央目的事業主管機關訂定之，惟近期卻時常發生有部分已請領福利津貼者，因公告土地現值或房屋評定標準價格調升，造成其財產價值超過排富規定所定金額，而無法繼續領取福利津貼，影響其權益。據此提案修正中央主管機關及中央目的事業主管機關應每年定期檢討，讓該評估標準能更趨公正，爰提案「身心障礙者權益保障法第七十一條」條文修正草案。是否有當？敬請公決。 
1445,2,特殊教育法部分條文修正草案,2020/12/4,2023/5/29,三讀,1,1,1,0,黃國書,莊瑞雄,邱泰源,,,,,,,,,,,,,,,,,,,羅美玲,沈發惠,黃世杰,王美惠,湯蕙禎,李昆澤,劉世芳,張廖萬堅,賴品妤,張宏陸,何欣純,伍麗華,陳秀寳,林宜瑾,吳玉琴,吳思瑤,陳素月,,,,,,,,,,,,,,,,,,,,,,,,,,,,,,,,,,,,,,,,,,,,,,特殊教育法部分條文修正草案,本院委員黃國書、莊瑞雄、邱泰源等 20 人，為提升對特殊教育學生之家庭支持服務及學前階段身心障礙兒童及其家庭之支持，爰提出「特殊教育法」部分條文修正草案。是否有當？敬請公決。 
1512,2,高級中等學校建教合作實施及建教生權益保障法第二十五條條文修正草案,2020/12/4,2021/5/21,三讀,1,1,1,0,蔡適應,邱泰源,,,,,,,,,,,,,,,,,,,,蘇治芬,賴惠員,陳明文,林俊憲,陳秀寳,管碧玲,張廖萬堅,陳瑩,賴瑞隆,郭國文,許智傑,莊競程,林淑芬,王美惠,江永昌,范雲,,,,,,,,,,,,,,,,,,,,,,,,,,,,,,,,,,,,,,,,,,,,,,,高級中等學校建教合作實施及建教生權益保障法第二十五條條文修正草案,本院委員蔡適應、邱泰源等 18 人，鑑於《高級中等學校建教合作實施及建教生權益保障法》條文中，仍使用「殘廢」一詞，並未如同其餘法律修正為「失能」，在《身心障礙者權利公約》、《身心障礙者權利公約施行法》揭櫫之不歧視原則下恐有疑義，且由於其他法律皆使用「失能」一詞，若《高級中等學校建教合作實施及建教生權益保障法》未修正，身心障礙者主張權益時恐受影響。爰擬具「高級中等學校建教合作實施及建教生權益保障法」第二十五條條文修正草案。是否有當？敬請公決。 
1664,2,勞工保險條例部分條文修正草案,2020/12/4,2020/12/4,交付審查,0,0,0,1,王婉諭,陳椒華,邱顯智,,,,,,,,,,,,,,,,,,,,,,,,,,,,,,,,,,,,,,,,,,,,,,,,,,,,,,,,,,,,,,,,,,,,,,,,,,,,,,,,,勞工保險條例部分條文修正草案,本院時代力量黨團，有鑑於身心障礙者因傷病有提早老化現象，老化年齡提早到 54 歲，老化速度較一般民眾增加二成，平均餘命為一般民眾七成。為落實身心障礙者權利公約，保障其尊嚴與權利之精神，以及保障身心障礙者退出職場後之生活品質，爰擬具「勞工保險條例部分條文修正草案」。是否有當？敬請公決。 
1710,2,精神衛生法修正草案,2020/12/4,2022/11/29,三讀,1,1,1,0,蔣萬安,,,,,,,,,,,,,,,,,,,,,呂玉玲,洪孟楷,陳以信,馬文君,溫玉霞,李德維,江啟臣,鄭正鈐,曾銘宗,林奕華,賴士葆,游毓蘭,林德福,吳斯懷,林思銘,羅明才,,,,,,,,,,,,,,,,,,,,,,,,,,,,,,,,,,,,,,,,,,,,,,,精神衛生法修正草案,本院委員蔣萬安等 17 人，有鑑於「精神衛生法」（以下稱本法）自民國79年制訂公布全文52條以來，施行將近30年，社會狀況及法令規範多所變動，且民眾對心理健康促進需求大幅提昇，然前端預防與社區支持服務合作已然不足，為因應社會需求及實務執行面之需要，應即建立多層次、多面向及多專業合作之精神衛生照顧網絡，並呼應 CRPD 公約有關精神疾病病人與身心障礙者自由、自主權、就醫權、安全保障、平等對待及社區融合之理想。爰就通報、護送就醫及醫療治療需要之約束、緊急安置、強制住院及強制社區治療等相關規定，以及參照公民與政治權利國際公約（ICCPR）、經濟社會文化權利國際公約（ICESCR）及身心障礙者權利公約（CRPD）條文與精神，全面檢視本法條文內容並通盤加以修正。是否有當？敬請公決。 
1727,2,所得稅法第十七條條文修正草案,2020/12/11,2020/12/11,交付審查,0,0,0,0,邱志偉,吳琪銘,高嘉瑜,王美惠,,,,,,,,,,,,,,,,,,許智傑,陳秀寳,李昆澤,陳明文,何欣純,林岱樺,鄭運鵬,邱議瑩,陳亭妃,蘇治芬,林俊憲,張廖萬堅,洪申翰,余天,江永昌,賴瑞隆,,,,,,,,,,,,,,,,,,,,,,,,,,,,,,,,,,,,,,,,,,,,,,,所得稅法第十七條條文修正草案,本院委員邱志偉、吳琪銘、高嘉瑜、王美惠等 20 人，鑑於「量能課稅」乃我國稅制基於憲法明定「納稅義務」及「平等原則」之落實，衡量不同能力納稅義務人應有不同稅捐負擔。「重大傷病」者與「身心障礙」者，雖均屬生活不便，產生額外負擔生活所需，以致於影響其「負擔納稅的能力」。惟所得稅法第十七條在所得稅之特別扣除僅針對身心障礙，漏列重大傷病，有違「量能課稅」原則。重大傷病之所得稅的特別扣除，目的在於使國家不向其就不具租稅負擔能力之部分來課稅，尤其重大傷病者之「負擔納稅的能力」並未明顯超過身心障礙者，爰提出「所得稅法第十七條條文」修正草案，增訂該條第一項第一款第三目之八，比照身心障礙，「重大傷病特別扣除：納稅義務人、配偶或受扶養親屬如領有重大傷病證明者，每人每年扣除二十萬元。」。是否有當？敬請公決。 
1730,2,船員法部分條文修正草案,2020/12/11,2021/4/13,三讀,1,1,1,0,林昶佐,,,,,,,,,,,,,,,,,,,,,賴惠員,賴品妤,江永昌,余天,蘇巧慧,蔡易餘,黃國書,吳玉琴,林淑芬,蘇治芬,李昆澤,黃秀芳,沈發惠,管碧玲,林宜瑾,林俊憲,邱議瑩,張廖萬堅,陳柏惟,陳明文,伍麗華,,,,,,,,,,,,,,,,,,,,,,,,,,,,,,,,,,,,,,,,,,船員法部分條文修正草案,本院委員林昶佐等 22 人，為落實聯合國身心障礙者權利公約，維護身心障礙者權益，保障其平等參與社會、政治、經濟、文化等之機會，臺灣已制定身心障礙者權利公約施行法，各級政府機關應檢視其主管法規、行政措施，改正內容以避免對身障者不平等之對待；爰擬具「船員法部分條文修正草案」。是否有當？敬請公決。 
1735,2,身心障礙者權益保障法第七十七條條文修正草案,2020/12/11,2022/12/15,委員會審查,0,0,1,0,高嘉瑜,,,,,,,,,,,,,,,,,,,,,陳柏惟,何志偉,林宜瑾,鍾佳濱,蔡適應,蔡易餘,陳椒華,林俊憲,賴品妤,郭國文,賴瑞隆,羅美玲,蘇巧慧,黃世杰,邱泰源,陳瑩,江永昌,吳玉琴,湯蕙禎,王美惠,洪申翰,莊競程,,,,,,,,,,,,,,,,,,,,,,,,,,,,,,,,,,,,,,,,,身心障礙者權益保障法第七十七條條文修正草案,本院委員高嘉瑜等 23 人，按現行身心障礙者權益保障法相關規定，身心障礙者安置所產生之必要費用，除直轄市、縣（市）主管機關依第七十一條第一項第二款給予補助者外，由身心障礙者或扶養義務人負擔，卻未明定主管機關得依相關事由裁量減免償還義務人之保護及安置費用，以致經法院裁判減輕或免除扶養義務者，仍遭地方主管機關追償法院裁定前之保護及安置費用，顯與情理不合，爰提具「身心障礙者權益保障法第七十七條條文修正草案」。是否有當？敬請公決。 
1738,2,身心障礙者權益保障法第十條條文修正草案,2020/12/11,2022/12/15,委員會審查,0,0,1,0,范雲,,,,,,,,,,,,,,,,,,,,,洪申翰,沈發惠,黃國書,賴品妤,莊競程,伍麗華,周春米,吳玉琴,羅美玲,林楚茵,管碧玲,張廖萬堅,陳秀寳,鍾佳濱,邱泰源,,,,,,,,,,,,,,,,,,,,,,,,,,,,,,,,,,,,,,,,,,,,,,,,身心障礙者權益保障法第十條條文修正草案,本院委員范雲等 16 人，鑑於現行中央與直轄市、縣（市）政府皆以「身心障礙者權益推動小組」或「身心障礙者權益保障推動小組」等小組之形式辦理身心障礙者權益保障法第十條之「身心障礙者權益保障事項」。然現行法規無明定上述小組成立之相關規範，以致各級政府施行上無統一規範可供準據，影響我國身心障礙者之權益。又，依據聯合國身心障礙者權利公約，為執行該公約以發展及實施立法及政策及其他關於身心障礙者議題之決策過程中，應與代表身心障礙者之組織、身心障礙者等密切協商，使其積極涉入，故應提高身心障礙者代表比例，並設置適足之無障礙空間及設備，使身心障礙者得以實質參與自決。爰提出「身心障礙者權益保障法第十條條文修正草案」。是否有當？敬請公決。 
1772,2,船員法部分條文修正草案,2020/12/11,2021/4/13,三讀,1,1,1,1,邱顯智,王婉諭,陳椒華,,,,,,,,,,,,,,,,,,,,,,,,,,,,,,,,,,,,,,,,,,,,,,,,,,,,,,,,,,,,,,,,,,,,,,,,,,,,,,,,,船員法部分條文修正草案,本院時代力量黨團，鑑於現行《船員法》仍存有《勞工保險條例》修法前所用「殘廢」用語，然勞保條例於 2008 年將「殘廢」文字修正為「失能」，以符合該給付係為補助勞工因障礙致工作能力或所得減損之經濟生活保障目的。為避免「殘廢」用語所衍生歧視、貶損之印象，落實人性尊嚴與身心障礙者權利公約之意旨，爰提出「船員法部分條文」修正草案，將「殘廢」用語修正為「失能」。是否有當？敬請公決。 
1776,2,警察人員人事條例第三十五條之一及第三十六條之一條文修正草案,2020/12/11,2020/12/11,交付審查,0,0,0,1,陳椒華,邱顯智,王婉諭,,,,,,,,,,,,,,,,,,,,,,,,,,,,,,,,,,,,,,,,,,,,,,,,,,,,,,,,,,,,,,,,,,,,,,,,,,,,,,,,,警察人員人事條例第三十五條之一及第三十六條之一條文修正草案,本院時代力量黨團，鑑於《公教人員保險法》為符合身心障礙者全利公約第三條及第五條所定「不歧視」原則，於2015年修法將「殘廢」文字修正為「失能」，並於2016年訂定《公教人員保險失能給付標準》，明定失能等級有「全失能」、「半失能」及「部分失能」。為避免《警察人員人事條例》仍使用「殘廢」用與所衍生歧視、貶損之印象，落實人性尊嚴與身心障礙者權利公約意旨，爰提出「警察人員人事條例第三十五條之一及第三十六條之一條文」修正草案，將「殘廢」用語修正為「失能」，並增列「部分失能」以保障警察人員權益。是否有當？敬請公決。
1777,2,強制汽車責任保險法第二十七條及第三十五條條文修正草案,2020/12/11,2020/12/11,交付審查,0,0,0,1,陳椒華,邱顯智,王婉諭,,,,,,,,,,,,,,,,,,,,,,,,,,,,,,,,,,,,,,,,,,,,,,,,,,,,,,,,,,,,,,,,,,,,,,,,,,,,,,,,,強制汽車責任保險法第二十七條及第三十五條條文修正草案,本院時代力量黨團，鑑於《保險法》於 2018 年修法將「殘廢」文字修正為「失能」，以符合身心障礙者權利公約第三條及第五條所定「不歧視」原則。為避免《強制汽車責任保險法》仍使用「殘廢」用語所衍生歧視、貶損之印象，落實人性尊嚴與身心障礙者權利公約之意旨，爰提出「強制汽車責任保險法第二十七條及第三十五條條文」修正草案，將「殘廢」用語修正為「失能」。是否有當？敬請公決。 
1789,2,國民體育法第七條、第十四條及第四十四條條文修正草案,2020/12/18,2021/3/25,委員會審查,0,0,1,0,賴品妤,何志偉,賴惠員,吳思瑤,,,,,,,,,,,,,,,,,,林宜瑾,陳明文,羅美玲,高嘉瑜,劉櫂豪,張宏陸,沈發惠,湯蕙禎,莊競程,羅致政,蘇巧慧,伍麗華,,,,,,,,,,,,,,,,,,,,,,,,,,,,,,,,,,,,,,,,,,,,,,,,,,,國民體育法第七條、第十四條及第四十四條條文修正草案,本院委員賴品妤、何志偉、賴惠員、吳思瑤等 16 人，有鑒於運動對於身心健康之重要性不言可喻，惟現行法制對於身心障礙者參與運動活動之保障與促進未臻周延，以至於相關政策之擬定以及運動設施、場所及器材之設置均未納入身心障礙者之意見與需求之情形，為完善化身心障礙者參與體育運動之權益，爰擬具「國民體育法第七條、第十四條及第四十四條條文修正草案」。是否有當？敬請公決。 
1939,2,身心障礙者保險權益促進基金設置管理條例草案,2020/12/24,2020/12/24,交付審查,0,0,0,1,高虹安,邱臣遠,蔡壁如,賴香伶,張其祿,,,,,,,,,,,,,,,,,,,,,,,,,,,,,,,,,,,,,,,,,,,,,,,,,,,,,,,,,,,,,,,,,,,,,,,,,,,,,,,身心障礙者保險權益促進基金設置管理條例草案,本院民眾黨黨團，針對我國已經宣示加入聯合國身心障礙權利公約，政府與民間便應戮力採取適當措施，包括立法，以修正或廢止構成歧視身心障礙者之現行法律、法規、習慣，實踐共同消除對身心障礙者的一切歧視作為。長久以來，我國身心障礙者由於自身生理條件與保險業者商業考量之因素，投保保險之數量長期偏低。為保障身心障礙者被保險人之基本權益，改善身心障礙者保險數量不足，並維護保險市場健全發展，爰提出「身心障礙者保險權益促進基金設置管理條例草案」，設置身心障礙者保險權益促進基金，創造財源補助保險業者接受身心障礙者投保之損失及推行相關政策。是否有當？敬請公決。 
1957,2,特殊教育法部分條文修正草案,2020/12/25,2023/5/29,三讀,1,1,1,0,陳以信,林奕華,萬美玲,,,,,,,,,,,,,,,,,,,孔文吉,李德維,吳怡玎,曾銘宗,謝衣鳯,鄭麗文,林思銘,溫玉霞,洪孟楷,吳斯懷,林文瑞,游毓蘭,陳玉珍,鄭天財,廖婉汝,鄭正鈐,魯明哲,蔣萬安,,,,,,,,,,,,,,,,,,,,,,,,,,,,,,,,,,,,,,,,,,,,,特殊教育法部分條文修正草案,本院委員陳以信、林奕華、萬美玲等 21 人，鑒於我國特殊教育學生人數不斷增加，身心障礙學生之受教權益受到廣泛重視，加以國際人權運動的興起，「融合教育」成為近年來特殊教育極力推動的理念。我國已亦透過施行法將《身心障礙者權利公約》及《兒童權利公約》內國法化，兩公約所揭櫫融合教育之理念，除由教育部擬定相關行政計畫推動外，亦應於《特殊教育法》明文化各級政府單位推動融合教育之權責及義務，俾增強教育體系職能，有效整合特殊教育學生所需資源，爰此提出「特殊教育法部分條文修正草案」。是否有當？敬請公決。 
,3,高級中等學校建教合作實施及建教生權益保障法第二十五條條文修正草案,2021/2/26,2021/5/21,三讀,1,1,1,1,高虹安,邱臣遠,蔡壁如,高虹安,張其祿,,,,,,,,,,,,,,,,,,,,,,,,,,,,,,,,,,,,,,,,,,,,,,,,,,,,,,,,,,,,,,,,,,,,,,,,,,,,,,,高級中等學校建教合作實施及建教生權益保障法第二十五條條文修正草案,本院民眾黨黨團，有鑑於聯合國二○○六年身心障礙者權利公約第五條規定締約國應禁止所有基於身心障礙之歧視，保障身心障礙者獲得平等與有效之法律保護，使其不受基於任何原因之歧視；另為促進平等與消除歧視，締約國應採取所有適當步驟，以確保提供合理之對待。且我國於一○三年八月二十日制定公布身心障礙者權利公約施行法，並自同年十二月三日施行。為落實身心障礙者權利公約之精神，爰擬具「高級中等學校建教合作實施及建教生權益保障法」第二十五條條文修正草案，將所定涉及對身心障礙者歧視性意涵之「殘廢」用語修正為「失能」。是否有當？敬請公決。 
2106,3,船員法部分條文修正草案,2021/3/19,2021/3/19,交付審查,0,0,0,0,魯明哲,,,,,,,,,,,,,,,,,,,,,鄭麗文,吳斯懷,萬美玲,林思銘,費鴻泰,曾銘宗,溫玉霞,鄭天財,洪孟楷,陳超明,李德維,鄭正鈐,林德福,林為洲,廖婉汝,謝衣鳯,吳怡玎,楊瓊瓔,許淑華,,,,,,,,,,,,,,,,,,,,,,,,,,,,,,,,,,,,,,,,,,,,船員法部分條文修正草案,本院委員魯明哲等 20 人，鑒於聯合國所頒布之身心障礙者權利公約第 5 條第 2 款規定：「締約國應禁止所有基於身心障礙之歧視，保障身心障礙者獲得平等與有效之法律保護，使其不受基於任何原因之歧視。」以及第 4 條所訂之一般義務第 1 項（b）：「採取所有適當措施，包括立法，以修正或廢止構成歧視身心障礙者之現行法律、法規、習慣與實踐。」又依身心障礙者權利公約施行法第二條規定：「公約所揭示保障身心障礙者人權之規定，具有國內法律之效力。」是故，我國政府為符上開條約所揭之精神並恪遵法律規範，應儘速修正足以構成歧視身心障礙者之相關法律條文。我國船員法自中華民國八十八年六月二十三日公布施行以來，共歷經六次修正，惟尚未更改條文中具歧視性之文字，以及未落實身心障礙者之就業保障，爰擬具「船員法部分條文修正草案」，修正對身心障礙者之歧視性用語，並加強對其工作權之保障。是否有當？敬請公決。 
2131,3,身心障礙者權益保障法第七十一條條文修正草案,2021/3/26,2022/12/15,委員會審查,0,0,1,0,陳柏惟,賴品妤,伍麗華,陳歐珀,,,,,,,,,,,,,,,,,,陳椒華,李昆澤,張宏陸,林俊憲,羅美玲,劉櫂豪,范雲,陳秀寳,黃秀芳,王定宇,王美惠,王婉諭,莊競程,張廖萬堅,蔡易餘,,,,,,,,,,,,,,,,,,,,,,,,,,,,,,,,,,,,,,,,,,,,,,,,身心障礙者權益保障法第七十一條條文修正草案,本院委員陳柏惟、賴品妤、伍麗華 Saidhai Tahovecahe、陳歐珀等 19 人，鑑於月經貧窮意指女性因為生理用品之必要支出而承受經濟負擔，在特定族群中月經貧窮更是社會階層、有障礙與沒障礙者間不平等之議題，同時涉及衛生權和健康權是否得以保障。為正視障礙女性生理用品支出之特殊需求，並進一步保障其衛生權和健康權，爰提出「身心障礙者權益保障法」第七十一條條文修正草案，增列直轄市、縣（市）主管機關對轄區內之身心障礙者，應依需求評估結果，提供女性生理用品之經費補助，並不得有設籍時間之限制。是否有當？敬請公決。 
2146,3,身心障礙者權益保障法第五十二條之二及第五十二條之三條文修正草案,2021/3/26,2022/12/15,委員會審查,0,0,1,0,趙正宇,林俊憲,賴惠員,,,,,,,,,,,,,,,,,,,林楚茵,陳超明,余天,高嘉瑜,邱顯智,李昆澤,鄭天財,蘇巧慧,陳雪生,黃秀芳,羅美玲,湯蕙禎,張廖萬堅,蘇震清,張其祿,黃世杰,王婉諭,陳秀寳,,,,,,,,,,,,,,,,,,,,,,,,,,,,,,,,,,,,,,,,,,,,,身心障礙者權益保障法第五十二條之二及第五十二條之三條文修正草案,本院委員趙正宇、林俊憲、賴惠員等 21 人，鑑於無障礙網路環境之建置係《身心障礙者權利公約》禁止歧視及平等原則之要求，惟我國尚缺乏明確且具有前瞻性之法令規範及政策規劃，未能充分實現身心障礙者資訊近用之需求及其基本人權，爰擬具「身心障礙者權益保障法第五十二條之二及第五十二條之三條文修正草案」，期能有系統地消除現有之障礙，以保障身心障礙者之權益。是否有當？敬請公決。
2147,3,病人自主權利法第五條、第八條及第九條條文修正草案,2021/3/26,2021/3/26,交付審查,0,0,0,0,趙正宇,賴惠員,,,,,,,,,,,,,,,,,,,,高嘉瑜,林俊憲,邱顯智,陳雪生,羅美玲,張廖萬堅,蘇震清,陳超明,余天,李昆澤,蘇巧慧,黃秀芳,高虹安,湯蕙禎,張其祿,陳秀寳,鄭天財,,,,,,,,,,,,,,,,,,,,,,,,,,,,,,,,,,,,,,,,,,,,,,病人自主權利法第五條、第八條及第九條條文修正草案,本院委員趙正宇、賴惠員等 19 人，鑑於《身心障礙者權利公約》及聯合國身心障礙者權利委員會發布之第 1 號一般性意見，明確禁止以心智能力障礙作為否定法律能力之理由，以避免自由權、隱私權、醫療權及其他基本人權受有不當之侵害，故病人之醫療自主及善終權益不應存在任何形式之歧視待遇。現行法對部分身心障礙者權利之限制非屬必要，亦顯與公約之精神相違，爰擬具「病人自主權利法第五條、第八條及第九條條文修正草案」，期能在平等之基礎上尊重個人自決及意願，並為身心障礙者提供適當之支持。是否有當？敬請公決。 
2287,3,物理治療師法第九條及第十二條條文修正草案,2021/4/16,2023/1/12,三讀,1,1,1,0,莊競程,林宜瑾,莊瑞雄,林楚茵,,,,,,,,,,,,,,,,,,周春米,張廖萬堅,蔡易餘,何欣純,王美惠,范雲,吳玉琴,賴惠員,蘇巧慧,湯蕙禎,陳明文,陳秀寳,洪申翰,李昆澤,黃世杰,黃國書,吳思瑤,,,,,,,,,,,,,,,,,,,,,,,,,,,,,,,,,,,,,,,,,,,,,,物理治療師法第九條及第十二條條文修正草案,本院委員莊競程、林宜瑾、莊瑞雄、林楚茵等 21 人，有鑑於醫療專業分工日趨精細，物理治療師的角色已從傳統醫治身心障礙者的復健人員，轉型為全人、全方位的健康照護專業人員，若所有業務皆須依醫師之診斷、照會或醫囑為之，讓於醫療前端有健康促進和預防需求的民眾不易獲得物理治療專業服務，也限縮了物理治療師提供健康促進、傷病預防、延緩衰退之服務。爰提出「物理治療師法第九條及第十二條條文修正草案」。是否有當？敬請公決。 
2302,3,身心障礙者權益保障法增訂第二十一條之一條文草案,2021/4/16,2022/12/15,委員會審查,0,0,1,0,蔡適應,,,,,,,,,,,,,,,,,,,,,陳瑩,黃秀芳,吳琪銘,陳明文,鄭運鵬,賴惠員,洪申翰,管碧玲,黃世杰,林楚茵,湯蕙禎,趙天麟,何欣純,周春米,林俊憲,余天,林宜瑾,羅美玲,江永昌,林岱樺,,,,,,,,,,,,,,,,,,,,,,,,,,,,,,,,,,,,,,,,,,,身心障礙者權益保障法增訂第二十一條之一條文草案,本院委員蔡適應等 21人，鑑於行政院衛生署於 101年委託國家衛生研究院辦理「身心障礙者提前老化及平均餘命基礎研究」，揭櫫身心障礙者平均餘命僅有一般民眾約七成，及老化年齡為 54 歲之諸多研究發現，成為我國辦理身心障礙法制重要參考指標。惟該項研究公布迄今逾十年，若無定期進行，有關機關規劃政策恐與實務有脫節風險。爰新增「身心障礙者權益保障法」第二十一條之一條文草案。是否有當？敬請公決。 
2357,3,住宅法第二十三條條文修正草案,2021/4/23,2021/5/18,三讀,1,1,1,0,許淑華,,,,,,,,,,,,,,,,,,,,,鄭正鈐,溫玉霞,楊瓊瓔,萬美玲,張育美,呂玉玲,謝衣鳯,林為洲,林奕華,徐志榮,林德福,羅明才,林文瑞,吳斯懷,陳玉珍,魯明哲,陳雪生,李德維,,,,,,,,,,,,,,,,,,,,,,,,,,,,,,,,,,,,,,,,,,,,,住宅法第二十三條條文修正草案,本院委員許淑華等 19 人，為鼓勵住宅所有權人參與社會住宅包租代管，增加住宅所有權人參與誘因，將持有之住宅出租予主管機關、租屋服務事業轉租及代為管理，或透過租屋服務事業媒合及代為管理作為居住、長期照顧服務、身心障礙服務、托育服務、幼兒園使用，以減輕經營負擔及獲得穩定收益，同時活絡租賃住宅市場，爰擬具「住宅法」第二十三條條文修正草案。是否有當？敬請公決。 
2447,3,平等法草案,2021/4/30,2021/4/30,交付審查,0,0,0,0,鄭麗文,孔文吉,陳以信,,,,,,,,,,,,,,,,,,,吳斯懷,費鴻泰,溫玉霞,曾銘宗,張育美,鄭天財,李德維,謝衣鳯,萬美玲,陳雪生,呂玉玲,吳怡玎,翁重鈞,廖婉汝,魯明哲,,,,,,,,,,,,,,,,,,,,,,,,,,,,,,,,,,,,,,,,,,,,,,,,平等法草案,本院委員鄭麗文、孔文吉、陳以信等 18 人，鑒於我國社會組成結構多元，且風氣日漸開放，惟各群體間之社會地位與發展權益，仍時受有歧視、不利益之差別待遇，或被刻意挑起群體差異與對立；族群、宗教或信仰、政黨傾向、身心障礙、性別或性別認同、性傾向、年齡、思想、容貌體態或疾病等特質因素差異，成為被歧視之原因亦時有所聞。縱我國法律不乏平等保障規定者，如：就業服務法、性別工作平等法、身心障礙者權益保障法、老人福利法、原住民族工作權保障法等，惟散見於各項法律中，整合式立法尚付之闕如。更要者是，各該單行法規不僅無法全數涵蓋未有專法保障之族群與弱勢團體，受有專法保障者更僅限於特定保障事項，或是未具體規定歧視行為之實體內涵、例外情形、救濟程序與罰則。為保障各族群與弱勢團體、消弭不法歧視、實踐國際間平等與人權的普世價值，爰提出「平等法」草案。是否有當？敬請公決。 
2504,3,優生保健法部分條文修正草案,2021/5/7,2021/5/7,交付審查,0,0,0,0,管碧玲,范雲,,,,,,,,,,,,,,,,,,,,蘇震清,湯蕙禎,賴品妤,鍾佳濱,何志偉,邱議瑩,莊瑞雄,王美惠,賴惠員,游毓蘭,張其祿,蔡壁如,林宜瑾,邱顯智,王婉諭,,,,,,,,,,,,,,,,,,,,,,,,,,,,,,,,,,,,,,,,,,,,,,,,優生保健法部分條文修正草案,本院委員管碧玲、范雲等 17 人，有鑑於現行的優生保健法之「優生」一詞恐有被誤解具歧視身心障礙、特殊疾病、遺傳性疾病者之疑義，且我國於一○一年一月一日起施行消除對婦女一切形式歧視公約施行法，使聯合國消除對婦女一切形式歧視公約的條文內容，具有國內法律的效力。該公約第二十四號建議條文第十四條明定締約國之公私營保健部門應保障婦女獲得保健之權利；此包括締約國不應以婦女未徵得丈夫、伴侶、父母或衛生當局的同意為由，限制婦女獲得保健服務之權益。為使本法隨之與時俱進，保障婚姻關係內雙方身體自主權之行使，爰將法律名稱改為「生育保健法」，並擬具「優生保健法部分條文修正草案」。是否有當？敬請公決。 
2530,3,高級中等學校建教合作實施及建教生權益保障法第二十五條條文修正草案,2021/5/7,2021/5/7,交付審查,0,0,0,0,吳琪銘,劉櫂豪,邱志偉,莊瑞雄,趙正宇,王美惠,,,,,,,,,,,,,,,,劉建國,鍾佳濱,張其祿,林宜瑾,蘇巧慧,林岱樺,沈發惠,黃秀芳,黃世杰,張宏陸,林俊憲,湯蕙禎,賴惠員,莊競程,,,,,,,,,,,,,,,,,,,,,,,,,,,,,,,,,,,,,,,,,,,,,,,,,高級中等學校建教合作實施及建教生權益保障法第二十五條條文修正草案,本院委員吳琪銘、劉櫂豪、邱志偉、莊瑞雄、趙正宇、王美惠等 20 人，鑑於「高級中等學校建教合作實施及建教生權益保障法」中仍有「殘廢」用詞，殊與「身心障礙者權利公約」所推動反歧視之精神有違。爰擬具「高級中等學校建教合作實施及建教生權益保障法第二十五條條文修正草案」。是否有當？敬請公決。 
2588,3,高級中等學校建教合作實施及建教生權益保障法部分條文修正草案,2021/5/14,2021/5/14,交付審查,0,0,0,0,林宜瑾,賴品妤,沈發惠,林楚茵,吳思瑤,,,,,,,,,,,,,,,,,范雲,賴惠員,蘇巧慧,楊曜,羅致政,王美惠,周春米,洪申翰,羅美玲,莊競程,湯蕙禎,吳玉琴,陳秀寳,邱泰源,,,,,,,,,,,,,,,,,,,,,,,,,,,,,,,,,,,,,,,,,,,,,,,,,高級中等學校建教合作實施及建教生權益保障法部分條文修正草案,本院委員林宜瑾、賴品妤、沈發惠、林楚茵、吳思瑤等 19 人，有鑑於整體職場環境有關勞動事務變化速度之快，且勞動人權及勞動權益內容具有相當之專業性、複雜性。是故，為強化中央主管機關以及勞工主管機關，對於建教生權益保障事項進行調查之密度、建教合作審議小組之角色，以及完備勞動人權及勞動權益手冊之內容，並為落實身心障礙者權利公約所揭示平等與不歧視之規定。爰擬具「高級中等學校建教合作實施及建教生權益保障法部分條文修正草案」。是否有當？敬請公決。 
2608,3,身心障礙者權益保障法第五十二條及第六十一條條文修正草案,2021/5/14,2022/12/15,委員會審查,0,0,1,0,陳以信,,,,,,,,,,,,,,,,,,,,,謝衣鳯,吳怡玎,萬美玲,吳斯懷,曾銘宗,鄭天財,孔文吉,李德維,翁重鈞,林為洲,廖婉汝,陳雪生,溫玉霞,呂玉玲,魯明哲,李貴敏,張育美,徐志榮,賴香伶,,,,,,,,,,,,,,,,,,,,,,,,,,,,,,,,,,,,,,,,,,,,身心障礙者權益保障法第五十二條及第六十一條條文修正草案,本院委員陳以信等 20 人，鑒於現行《身心障礙者權益保障法》（下稱本法）中有關提供身心障礙者近用資訊、手語翻譯及同步聽打之協助，皆以「公共資訊」或「公共事務」為要件，此等要件限縮政府提供協助之範圍，亦不符《身心障礙者權利公約所》揭示保障身心障礙者完整參與各面向社會生活之意旨。現行手語翻譯服務窗口係由各直轄市、縣（市）政府辦理，然而因城鄉差距及資源分配不均等因素，各地辦理情形有顯著差異，造成區域不平之差別待遇。為落實《憲法增修條文》第十條保障身心障礙者之生活維護，扶助其自立與發展之意旨，爰提出「身心障礙者權益保障法第五十二條及第六十一條條文修正草案」，擴大政府提供身心障礙者使用資訊服務之範圍，並於第六十一條規定中央主管機關應建立資源協調與輸送網絡，以整合並妥善分配各縣市手語翻譯及同步聽打服務資源，俾平衡地區資源差距。是否有當？敬請公決。 
2666,3,內政部組織法第十三條條文修正草案,2021/5/21,2023/5/26,三讀,1,1,1,0,賴品妤,何志偉,林楚茵,許智傑,,,,,,,,,,,,,,,,,,賴惠員,張廖萬堅,羅致政,莊競程,江永昌,吳玉琴,范雲,蔡易餘,洪申翰,吳思瑤,羅美玲,趙天麟,張其祿,陳秀寳,沈發惠,鍾佳濱,伍麗華,蘇巧慧,黃秀芳,,,,,,,,,,,,,,,,,,,,,,,,,,,,,,,,,,,,,,,,,,,,內政部組織法第十三條條文修正草案,本院委員賴品妤、何志偉、林楚茵、許智傑等 23 人，鑑於政策法令上的更名演進，代表臺灣在障礙者人權重視上跨出一步又一步，從法令更名開始。1997 年修憲，將「殘障者」名稱改為「身心障礙者」，連帶影響大眾日常使用習慣，時至今日，整體社會氛圍對於身心障礙者多了更多的友善與尊重，為杜絕歧視、邁向真正的平等、零歧視的社會，爰提出「內政部組織法第十三條條文修正草案」。是否有當？敬請公決。 
2747,3,就業保險法第十九條之一條文修正草案,2021/5/31,2021/12/14,三讀,1,1,1,0,林文瑞,李德維,,,,,,,,,,,,,,,,,,,,翁重鈞,孔文吉,鄭天財,陳玉珍,林奕華,洪孟楷,林為洲,溫玉霞,許淑華,廖婉汝,游毓蘭,林思銘,楊瓊瓔,魯明哲,,,,,,,,,,,,,,,,,,,,,,,,,,,,,,,,,,,,,,,,,,,,,,,,,就業保險法第十九條之一條文修正草案,本院委員林文瑞、李德維等 16 人，有鑑於我國已於 2018 年轉為高齡社會，推估將於 2025 年邁入超高齡社會，個人與家庭之照護壓力日漸加重，政府應盡相關輔助之責。就業保險法現行規定失業者若扶養無工作之配偶、未成年子女或身心障礙子女，得申請失業給付加領 10%，最多可加給 20%。但現行規定並未將無工作收入之父母納入，以致失業者生活負擔依舊沉重，與本法意旨有違。爰此，擬具「就業保險法第十九條之一條文修正草案」，以減輕非自願離職者家庭扶養負擔。是否有當？敬請公決。 
2797,4,特殊教育法第三十條之一條文修正草案,2021/10/1,2023/5/29,三讀,1,1,1,0,黃國書,何志偉,莊瑞雄,林宜瑾,,,,,,,,,,,,,,,,,,陳亭妃,趙天麟,蘇巧慧,蔡易餘,莊競程,張宏陸,陳秀寳,羅致政,陳歐珀,王美惠,陳素月,鍾佳濱,湯蕙禎,,,,,,,,,,,,,,,,,,,,,,,,,,,,,,,,,,,,,,,,,,,,,,,,,,特殊教育法第三十條之一條文修正草案,本院委員黃國書、何志偉、莊瑞雄、林宜瑾等 17 人，鑒於我國高等教育已邁入普及化階段，為促進教育機會均等，維護身心障礙學生之平等受教權，教育單位應保障身心障礙學生入學及就學機會，以落實身心障礙者高等教育人才之培育，爰擬具「特殊教育法第三十條之一條文修正草案」。是否有當？敬請公決。 
2814,4,道路交通管理處罰條例第九十條之三條文修正草案,2021/10/1,2021/10/8,交付審查,0,0,0,0,游毓蘭,,,,,,,,,,,,,,,,,,,,,洪孟楷,李德維,林思銘,陳超明,林德福,溫玉霞,陳雪生,徐志榮,魯明哲,陳以信,謝衣鳯,吳斯懷,孔文吉,賴士葆,許淑華,林文瑞,張育美,林奕華,,,,,,,,,,,,,,,,,,,,,,,,,,,,,,,,,,,,,,,,,,,,,道路交通管理處罰條例第九十條之三條文修正草案,本院委員葉毓蘭等 19 人，有鑑於我國高齡化快速，國家發展委員會預估至民國 114 年我國將邁入高齡人口超過 20%之超高齡社會，高齡人口超過 470 萬人，且失能人口伴隨高齡化現象與日遽增，故為保障高齡者之行人安全以及身心障礙者之輪椅需求，參酌「市區道路及附屬工程設計標準」之修正，明定如公路主管機關、市區道路主管機關或警察機關決定於人行道設置機車、慢車之停車處所，需考量停車處所設置後供人行之淨寬不得小於一點五公尺，以確保以人為本與保障輪椅之通行空間。爰擬具「道路交通管理處罰條例第九十條之三條文修正草案」。是否有當？敬請公決。 
2888,4,不動產估價師法第八條條文修正草案,2021/10/8,2021/10/8,交付審查,0,0,0,0,羅致政,蔡適應,莊瑞雄,蘇震清,,,,,,,,,,,,,,,,,,陳素月,蔡易餘,李昆澤,湯蕙禎,黃國書,伍麗華,吳琪銘,蘇巧慧,陳明文,賴品妤,許智傑,吳玉琴,,,,,,,,,,,,,,,,,,,,,,,,,,,,,,,,,,,,,,,,,,,,,,,,,,,不動產估價師法第八條條文修正草案,本院委員羅致政、蔡適應、莊瑞雄、蘇震清等 16 人，有鑑於不動產估價師法針對開業證書之發給，有違反身心障礙者權利公約不歧視原則之虞，且過度限制人民職業之自由，爰擬具「不動產估價師法」第八條條文修正草案。是否有當？敬請公決。 
2893,4,住宅法第二十三條條文修正草案,2021/10/8,2023/11/21,二讀,0,1,1,0,溫玉霞,,,,,,,,,,,,,,,,,,,,,洪孟楷,陳玉珍,鄭天財,游毓蘭,鄭麗文,孔文吉,李貴敏,陳超明,萬美玲,李德維,吳斯懷,曾銘宗,費鴻泰,林奕華,蔣萬安,林德福,林為洲,廖婉汝,謝衣鳯,,,,,,,,,,,,,,,,,,,,,,,,,,,,,,,,,,,,,,,,,,,,住宅法第二十三條條文修正草案,本院委員溫玉霞等 20 人，鑒於住宅所有權人將住宅租予主管機關或機構代為管理，作為社會住宅、長照服務、身心障礙服務、托育服務及幼兒園使用等，其租金免納綜合所得稅之額度僅為新台幣一萬元，致出租意願不足，宜適當提高為三萬元，以增出租誘因，爰擬具「住宅法第二十三條條文修正草案」。是否有當？敬請公決。 
3008,4,身心障礙者權益保障法第六十三條之一、第九十條及第九十二條條文修正草案,2021/10/8,2022/12/15,委員會審查,0,0,1,0,吳玉琴,黃國書,賴香伶,莊瑞雄,,,,,,,,,,,,,,,,,,林楚茵,湯蕙禎,王美惠,莊競程,陳明文,洪申翰,陳歐珀,蔡適應,蔡易餘,郭國文,邱泰源,吳琪銘,范雲,陳秀寳,賴惠員,張宏陸,管碧玲,羅美玲,,,,,,,,,,,,,,,,,,,,,,,,,,,,,,,,,,,,,,,,,,,,,身心障礙者權益保障法第六十三條之一、第九十條及第九十二條條文修正草案,本院委員吳玉琴、黃國書、賴香伶、莊瑞雄等 22 人，為保障身心障礙者權益，提升身心障礙福利機構品質，爰提具「身心障礙者權益保障法第六十三條之一、第九十條及第九十二條」條文修正草案。是否有當？敬請公決。 
3013,4,就業保險法第十九條之一條文修正草案,2021/10/8,2021/12/14,三讀,1,1,1,0,蔣萬安,陳超明,呂玉玲,,,,,,,,,,,,,,,,,,,吳怡玎,徐志榮,林德福,張育美,廖國棟,曾銘宗,李德維,陳玉珍,洪孟楷,溫玉霞,江啟臣,林思銘,羅明才,,,,,,,,,,,,,,,,,,,,,,,,,,,,,,,,,,,,,,,,,,,,,,,,,,就業保險法第十九條之一條文修正草案,本院委員蔣萬安、陳超明、呂玉玲等 16 人，有鑑於現行「就業保險法」為保障勞工失業一定期間之基本生活，於第十九條之一規定若有扶養之眷屬者，每一人得按月平均投保薪資百分之十加給給付或津貼，最多計百分之二十。然法文並未包括「父母」，倘若單身勞工需負擔年邁父母扶養責任者，一旦面臨失業，恐加重其生活負擔，連帶影響家庭生計。因應台灣將於 2026 年邁入超高齡社會，加上不婚不育人數逐漸增加，爰提呈「就業保險法第十九條之一條文」修正草案，將現行受扶養之眷屬，除受被保險人扶養之無工作收入之配偶、未成年子女或身心障礙子女外，亦納入父母，以應社會實際需求，暨保障並穩定勞工失業期間之基本家庭生活，俾符合本法第一條之立法意旨。是否有當？敬請公決。 
3020,4,道路交通管理處罰條例第九十條之三條文修正草案,2021/10/1,2021/10/8,交付審查,0,0,0,0,游毓蘭,,,,,,,,,,,,,,,,,,,,,洪孟楷,李德維,林思銘,陳超明,林德福,溫玉霞,陳雪生,徐志榮,魯明哲,陳以信,謝衣鳯,吳斯懷,孔文吉,賴士葆,許淑華,林文瑞,張育美,林奕華,,,,,,,,,,,,,,,,,,,,,,,,,,,,,,,,,,,,,,,,,,,,,道路交通管理處罰條例第九十條之三條文修正草案,本院委員葉毓蘭等 19 人，有鑑於我國高齡化快速，國家發展委員會預估至民國 114 年我國將邁入高齡人口超過 20%之超高齡社會，高齡人口超過 470 萬人，且失能人口伴隨高齡化現象與日遽增，故為保障高齡者之行人安全以及身心障礙者之輪椅需求，參酌「市區道路及附屬工程設計標準」之修正，明定如公路主管機關、市區道路主管機關或警察機關決定於人行道設置機車、慢車之停車處所，需考量停車處所設置後供人行之淨寬不得小於一點五公尺，以確保以人為本與保障輪椅之通行空間。爰擬具「道路交通管理處罰條例第九十條之三條文修正草案」。是否有當？敬請公決。 
3074,4,身心障礙者權利公約施行法第八條條文修正草案,2021/10/15,2021/10/22,交付審查,0,0,0,0,趙正宇,林宜瑾,陳素月,,,,,,,,,,,,,,,,,,,林俊憲,鄭天財,陳雪生,何欣純,溫玉霞,何志偉,邱泰源,蔡壁如,邱顯智,陳歐珀,莊瑞雄,林思銘,王美惠,羅美玲,劉櫂豪,許淑華,傅崐萁,陳椒華,黃國書,林昶佐,蘇震清,李昆澤,陳秀寳,林楚茵,,,,,,,,,,,,,,,,,,,,,,,,,,,,,,,,,,,,,,,身心障礙者權利公約施行法第八條條文修正草案,本院委員趙正宇、林宜瑾、陳素月等 27 人，鑑於設置無障礙環境、提供合理調整係保障身心障礙者平等參與社會生活之重要手段，各級政府機關本應參照《身心障礙者權利公約》及其相關法規之意旨予以落實。惟於現行法制下，身心障礙者之公法上權利仍廣泛遭受否定，且缺乏適當途徑以資救濟，致我國行政機關對於身心障礙者之事實上歧視迄未根絕。爰擬具「身心障礙者權利公約施行法第八條條文修正草案」，明文規定身心障礙者享有無障礙及合理調整之公法上請求權，期能有效促進其自立與發展，推動實質平等之實現。是否有當？敬請公決。 
3078,4,身心障礙者權益保障法第十條條文修正草案,2021/10/15,2022/12/15,委員會審查,0,0,1,0,趙正宇,林俊憲,林宜瑾,陳素月,,,,,,,,,,,,,,,,,,陳雪生,莊瑞雄,鄭天財,溫玉霞,邱顯智,邱泰源,何欣純,蔡壁如,林思銘,陳歐珀,羅美玲,王美惠,何志偉,許淑華,劉櫂豪,陳椒華,黃國書,邱志偉,林昶佐,蘇震清,張其祿,陳秀寳,林楚茵,,,,,,,,,,,,,,,,,,,,,,,,,,,,,,,,,,,,,,,,身心障礙者權益保障法第十條條文修正草案,本院委員趙正宇、林俊憲、林宜瑾、陳素月等 27 人，鑑於身心障礙者之政治權利受《身心障礙者權利公約》所保障，故相關政策、法規之研擬及推動皆應符合障礙者參與之原則。惟衛生福利部、各直轄市及縣（市）政府雖已設置「身心障礙者權益保障推動小組」，其運行成效仍相當有限。爰擬具「身心障礙者權益保障法第十條條文修正草案」，期能完善其組織架構、職權範圍及運作方式，建立符合公約要求之主責單位及監督機制，促進身心障礙者之自立與發展。是否有當？敬請公決。 
3096,4,特殊教育法第三十條之一條文修正草案,2021/10/1,2023/5/29,三讀,1,1,1,0,黃國書,何志偉,莊瑞雄,林宜瑾,,,,,,,,,,,,,,,,,,陳亭妃,趙天麟,蘇巧慧,蔡易餘,莊競程,張宏陸,陳秀寳,羅致政,陳歐珀,王美惠,陳素月,鍾佳濱,湯蕙禎,,,,,,,,,,,,,,,,,,,,,,,,,,,,,,,,,,,,,,,,,,,,,,,,,,特殊教育法第三十條之一條文修正草案,本院委員黃國書、何志偉、莊瑞雄、林宜瑾等 17 人，鑒於我國高等教育已邁入普及化階段，為促進教育機會均等，維護身心障礙學生之平等受教權，教育單位應保障身心障礙學生入學及就學機會，以落實身心障礙者高等教育人才之培育，爰擬具「特殊教育法第三十條之一條文修正草案」。是否有當？敬請公決。 
3175,4,公民投票不在籍投票法草案,2021/10/15,2021/11/17,委員會審竣,0,1,1,0,鄭麗文,,,,,,,,,,,,,,,,,,,,,鄭正鈐,游毓蘭,溫玉霞,張育美,曾銘宗,謝衣鳯,魯明哲,江啟臣,李德維,林思銘,林為洲,萬美玲,吳斯懷,鄭天財,廖婉汝,,,,,,,,,,,,,,,,,,,,,,,,,,,,,,,,,,,,,,,,,,,,,,,,公民投票不在籍投票法草案,本院委員鄭麗文等 16 人，為保障憲法第十七條對於人民創制及複決等公民權之行使，降低投票障礙，讓民眾不再因為行使公投權利時須長途跋涉返鄉投票，提高公民投票意願，也保障因疾病、身心障礙或因故無法於公投當日返回戶籍地者之投票權利，使公投結果能切實反映公眾意見，鞏固國家民主根基。爰提出「公民投票不在籍投票法草案」。是否有當？敬請公決。 
3176,4,國民體育法第二十一條之一及第二十三條條文修正草案,2021/10/15,2021/10/22,交付審查,0,0,0,0,鄭麗文,,,,,,,,,,,,,,,,,,,,,翁重鈞,魯明哲,林奕華,鄭正鈐,林思銘,溫玉霞,張育美,曾銘宗,洪孟楷,李德維,萬美玲,林德福,林為洲,吳斯懷,廖婉汝,吳怡玎,,,,,,,,,,,,,,,,,,,,,,,,,,,,,,,,,,,,,,,,,,,,,,,國民體育法第二十一條之一及第二十三條條文修正草案,本院委員鄭麗文等 17 人，為保障參加國際運動賽會國家代表選手，在國家培訓期間在經濟生活上能有充足照顧，且在投入訓練期間如有嚴重運動傷害在醫療及就業輔導上能獲充分保障，爰提「國民體育法第二十一條之一及第二十三條條文修正草案」，保障選手在培訓期間由政府編列預算提供生活津貼，且津貼不得低於國民平均月薪之百分之八十；國手於受訓期間受傷致短期失能或身心障礙，國家應給予後續的醫療照顧及轉職輔導。是否有當？敬請公決。 
3241,4,身心障礙者權利公約施行法第八條條文修正草案,2021/10/15,2022/10/22,交付審查,0,0,0,0,趙正宇,林宜瑾,陳素月,,,,,,,,,,,,,,,,,,,林俊憲,鄭天財,陳雪生,何欣純,溫玉霞,何志偉,邱泰源,蔡壁如,邱顯智,陳歐珀,莊瑞雄,林思銘,王美惠,羅美玲,劉櫂豪,許淑華,傅崐萁,陳椒華,黃國書,林昶佐,蘇震清,李昆澤,陳秀寳,林楚茵,,,,,,,,,,,,,,,,,,,,,,,,,,,,,,,,,,,,,,,身心障礙者權利公約施行法第八條條文修正草案,本院委員趙正宇、林宜瑾、陳素月等 27 人，鑑於設置無障礙環境、提供合理調整係保障身心障礙者平等參與社會生活之重要手段，各級政府機關本應參照《身心障礙者權利公約》及其相關法規之意旨予以落實。惟於現行法制下，身心障礙者之公法上權利仍廣泛遭受否定，且缺乏適當途徑以資救濟，致我國行政機關對於身心障礙者之事實上歧視迄未根絕。爰擬具「身心障礙者權利公約施行法第八條條文修正草案」，明文規定身心障礙者享有無障礙及合理調整之公法上請求權，期能有效促進其自立與發展，推動實質平等之實現。是否有當？敬請公決。 
3242,4,身心障礙者權益保障法第十條條文修正草案,2021/10/15,2022/12/15,委員會審查,0,0,1,0,趙正宇,林俊憲,林宜瑾,陳素月,,,,,,,,,,,,,,,,,,陳雪生,莊瑞雄,鄭天財,溫玉霞,邱顯智,邱泰源,何欣純,蔡壁如,林思銘,陳歐珀,羅美玲,王美惠,何志偉,許淑華,劉櫂豪,陳椒華,黃國書,邱志偉,林昶佐,蘇震清,張其祿,陳秀寳,林楚茵,,,,,,,,,,,,,,,,,,,,,,,,,,,,,,,,,,,,,,,,身心障礙者權益保障法第十條條文修正草案,本院委員趙正宇、林俊憲、林宜瑾、陳素月等 27 人，鑑於身心障礙者之政治權利受《身心障礙者權利公約》所保障，故相關政策、法規之研擬及推動皆應符合障礙者參與之原則。惟衛生福利部、各直轄市及縣（市）政府雖已設置「身心障礙者權益保障推動小組」，其運行成效仍相當有限。爰擬具「身心障礙者權益保障法第十條條文修正草案」，期能完善其組織架構、職權範圍及運作方式，建立符合公約要求之主責單位及監督機制，促進身心障礙者之自立與發展。是否有當？敬請公決。 
3306,4,國民年金法第七條及第三十二條之一條文修正草案,2021/10/29,2021/10/29,交付審查,0,0,0,0,吳琪銘,莊瑞雄,,,,,,,,,,,,,,,,,,,,王美惠,何志偉,管碧玲,邱志偉,趙正宇,伍麗華,羅美玲,張其祿,黃世杰,林楚茵,陳秀寳,林俊憲,張宏陸,黃秀芳,,,,,,,,,,,,,,,,,,,,,,,,,,,,,,,,,,,,,,,,,,,,,,,,,國民年金法第七條及第三十二條之一條文修正草案,本院委員吳琪銘、莊瑞雄等 16 人，有鑑於國民年金法旨在補足社會保險的缺口，故明定未享有軍、公教、勞、農保等職域性社會保險的國民均應強制納入年金保險範圍。憾投保年齡限滿25 歲之國民，導致 16 歲～25 歲已達適婚齡且實際參與社會活動之國民，極有可能陷入毫無社會保險之境，而此年齡層國民一旦發生國民年金所列「生育、發生身心障礙」等情況時，保障何在？爰擬具「國民年金法第七條及第三十二條之一條文修正草案」，補此年齡斷層之不足。是否有當？敬請公決。
3312,4,國民體育法增訂第二十二條之一條文草案,2021/11/5,2021/11/5,交付審查,0,0,0,0,林奕華,李德維,,,,,,,,,,,,,,,,,,,,鄭正鈐,林思銘,洪孟楷,林德福,許淑華,林文瑞,鄭天財,游毓蘭,江啟臣,萬美玲,陳玉珍,張育美,楊瓊瓔,徐志榮,陳雪生,,,,,,,,,,,,,,,,,,,,,,,,,,,,,,,,,,,,,,,,,,,,,,,,國民體育法增訂第二十二條之一條文草案,本院委員林奕華、李德維等 17 人，有鑑於本屆 2020 東京奧運中華隊表現優異，有國手受企業青睞，被邀約為商品代言人。然因有選手因長期受公營事業支持栽培，受公務員服務法之限制而無法從事廣告代言。為鼓勵優秀運動員為國爭光且有益於運動行銷與推廣，提升運動產業發展，爰提案增訂「國民體育法第二十二條之一條文草案」，規範參加國內或國際運動賽會成績優良之運動選手及身心障礙運動選手，若其身分適用公務員服務法之規範，經其任職機構同意後得接受商業代言。是否有當？敬請公決。 
3318,4,身心障礙者權益保障法第七十一條條文修正草案,2021/10/29,2022/12/15,委員會審查,0,0,1,0,范雲,吳思瑤,賴品妤,林楚茵,莊瑞雄,,,,,,,,,,,,,,,,,周春米,林俊憲,陳歐珀,湯蕙禎,王美惠,陳明文,莊競程,楊曜,洪申翰,蘇巧慧,鍾佳濱,陳秀寳,,,,,,,,,,,,,,,,,,,,,,,,,,,,,,,,,,,,,,,,,,,,,,,,,,,身心障礙者權益保障法第七十一條條文修正草案,"本院委員范雲、吳思瑤、賴品妤、林楚茵、莊瑞雄等 17 人，有鑑於我國憲法增修條文第十條明訂，國家對於身心障礙者之保險與就醫、無障礙環境之建構、教育訓練與就業輔導及生活維護與救助，應予保障。根據衛生福利部統計處，截至2021 年 3 月，我國身心障礙者總人數為 119 萬 8,358 人，其中至少有近半數人口（53 萬 1,581 人）會經歷生理周期。身心障礙者囿於身心狀況，為維持生理周期期間基本生活狀態，所需花費之心力、時間、生理用品數量及支出，明顯多於一般情形。為維護身心障礙者生理期健康，並保障其國民基本的健康需求基本生活之權益，爰擬具「身心障礙者權益保障法第七十一條條文修正草案」。是否有當？敬請公決。 "
3343,4,特殊教育法第三十條之一條文修正草案,2021/10/1,2023/5/29,三讀,1,1,1,0,黃國書,何志偉,莊瑞雄,林宜瑾,,,,,,,,,,,,,,,,,,陳亭妃,趙天麟,蘇巧慧,蔡易餘,莊競程,張宏陸,陳秀寳,羅致政,陳歐珀,王美惠,陳素月,鍾佳濱,湯蕙禎,,,,,,,,,,,,,,,,,,,,,,,,,,,,,,,,,,,,,,,,,,,,,,,,,,特殊教育法第三十條之一條文修正草案,本院委員黃國書、何志偉、莊瑞雄、林宜瑾等 17 人，鑒於我國高等教育已邁入普及化階段，為促進教育機會均等，維護身心障礙學生之平等受教權，教育單位應保障身心障礙學生入學及就學機會，以落實身心障礙者高等教育人才之培育，爰擬具「特殊教育法第三十條之一條文修正草案」。是否有當？敬請公決。
3374,4,身心障礙者權益保障法第三十八條條文修正草案,2021/11/5,2022/12/15,委員會審查,0,0,1,0,楊曜,劉建國,陳雪生,趙正宇,黃秀芳,,,,,,,,,,,,,,,,,湯蕙禎,賴惠員,陳亭妃,莊競程,林俊憲,蔡適應,王美惠,江永昌,吳琪銘,林楚茵,蘇巧慧,蔡易餘,,,,,,,,,,,,,,,,,,,,,,,,,,,,,,,,,,,,,,,,,,,,,,,,,,,身心障礙者權益保障法第三十八條條文修正草案,本院委員楊曜、劉建國、陳雪生、趙正宇、黃秀芳等 17 人，為增進身心障礙者員工就業權益，故調整進用身心障礙者人數之計算基準之日期，給予進用義務機關（構）部分彈性，以利增進聘用具有就業能力之身心障礙者員工意願，特擬具「身心障礙者權益保障法第三十八條條文修正草案」。是否有當？敬請公決。 
3375,4,身心障礙者權益保障法第五十二條及第六十一條條文修正草案,2021/11/5,2022/12/15,委員會審查,0,0,1,0,楊曜,蔡適應,陳雪生,趙正宇,黃秀芳,劉建國,,,,,,,,,,,,,,,,賴惠員,陳亭妃,蘇巧慧,何欣純,莊競程,林楚茵,林俊憲,王美惠,江永昌,蔡易餘,湯蕙禎,,,,,,,,,,,,,,,,,,,,,,,,,,,,,,,,,,,,,,,,,,,,,,,,,,,,身心障礙者權益保障法第五十二條及第六十一條條文修正草案,本院委員楊曜、蔡適應、陳雪生、趙正宇、黃秀芳、劉建國等 17 人，由於憲法增修條文指出，國家對於身心障礙者之無障礙環境之建構、生活維護與救助等項目，應予保障，並扶助其自立與發展。此外，科技發展迅速，各項針對身心障礙者使用之輔助科技日新月異，政府應與時俱進，並設法讓身心障礙者能更便利參與社會，特擬具「身心障礙者權益保障法第五十二條及第六十一條條文修正草案」。是否有當？敬請公決。 
3398,4,國民體育法增訂第二十二條之一條文草案,2021/11/5,2021/11/5,交付審查,0,0,0,0,游毓蘭,,,,,,,,,,,,,,,,,,,,,傅崐萁,費鴻泰,翁重鈞,林奕華,溫玉霞,馬文君,鄭天財,許淑華,鄭正鈐,李德維,廖婉汝,陳椒華,陳玉珍,吳斯懷,洪孟楷,,,,,,,,,,,,,,,,,,,,,,,,,,,,,,,,,,,,,,,,,,,,,,,,國民體育法增訂第二十二條之一條文草案,本院委員葉毓蘭等 16 人，邇來有奧運國手廣告代言之機會，卻因其任職於公股行庫受「公務員服務法」相關經商、兼職規範，無從解套引發爭論，在 2020 東京奧運勇奪金牌之我國男子羽球雙打選手王齊麟與李洋，因具有公務人員之身分，依「公務員服務法」之相關規定，無從接受商業廣告代言，且主管機關長期沒有針對此類型之事件有政策性作為，為解決現行具有公務人員身分之運動選手經商、兼職規範不明確之灰色地帶。為提升國家正面形象及國際能見度，鼓勵具有潛力及成績優異之運動選手及身心障礙運動選手投入各類運動項目，俾利我國各類運動項目永續發展。爰增訂「國民體育法第二十二條之一條文草案」。是否有當？敬請公決。 
3535,4,身心障礙者權益保障法第九十條及第九十二條條文修正草案,2021/11/19,2022/12/15,委員會審查,0,0,1,0,萬美玲,李德維,林奕華,呂玉玲,,,,,,,,,,,,,,,,,,賴士葆,林德福,曾銘宗,孔文吉,徐志榮,羅明才,鄭正鈐,鄭天財,溫玉霞,楊瓊瓔,陳雪生,魯明哲,許淑華,張育美,林文瑞,,,,,,,,,,,,,,,,,,,,,,,,,,,,,,,,,,,,,,,,,,,,,,,,身心障礙者權益保障法第九十條及第九十二條條文修正草案,本院委員萬美玲、李德維、林奕華、呂玉玲等 19 人，鑒於今（110）年七月苗栗德芳教養院發生一名院生遭教養院員工虐待送醫不治之憾事，卻因現行身心障礙者權益保障法第九十條並未針對社會福利機構將服務對象虐死或致重傷有加重罰則，因此最高僅能裁處德芳教養院 30 萬元罰鍰，恐無法有效遏止身心障礙福利機構對於服務對象之不當行為，爰擬具「身心障礙者權益保障法第九十條及第九十二條條文修正草案」，增訂身心障礙福利機構若違反第九十條導致「服務對象死亡或重傷」之罰鍰，且必要時可令其停辦一個月以上一年以下，以及命令機構停辦、解散之相關規定，以杜絕身心障礙機構對於服務對象之不當行為，以完善身心障礙者保護制度。是否有當？敬請公決。  
3580,4,身心障礙者權益保障法第六十三條之一及第九十條條文修正草案,2021/11/26,2022/12/15,委員會審查,0,0,1,0,廖婉汝,,,,,,,,,,,,,,,,,,,,,孔文吉,鄭天財,徐志榮,曾銘宗,許淑華,馬文君,鄭麗文,林文瑞,陳超明,傅崐萁,溫玉霞,魯明哲,林思銘,廖國棟,游毓蘭,李德維,翁重鈞,李貴敏,,,,,,,,,,,,,,,,,,,,,,,,,,,,,,,,,,,,,,,,,,,,,身心障礙者權益保障法第六十三條之一及第九十條條文修正草案,本院委員廖婉汝等 19 人，鑒於今（110）年 7 月私立德芳教養院驚爆院生遭社工及助理毆打致死案，德芳教養院未善盡保護及監管責任，導致員工對服務對象身心虐待，凸顯現行身心障礙者權益保障法對管理及工作人員的約束力不足，進而導致服務對象暴露在風險之中，爰擬具「身心障礙者權益保障法第六十三條之一及第九十條條文修正草案」。是否有當？敬請公決。 
3617,4,就業保險法第十九條之一條文修正草案,2021/12/10,2021/12/10,交付審查,0,0,0,0,吳斯懷,,,,,,,,,,,,,,,,,,,,,翁重鈞,游毓蘭,費鴻泰,鄭天財,魯明哲,溫玉霞,孔文吉,曾銘宗,林文瑞,林為洲,林思銘,鄭正鈐,萬美玲,呂玉玲,李貴敏,李德維,陳雪生,,,,,,,,,,,,,,,,,,,,,,,,,,,,,,,,,,,,,,,,,,,,,,就業保險法第十九條之一條文修正草案,本院委員吳斯懷等 18 人，有鑑於現行就業保險法為保障被保險人失業期間家庭基本生活，規定得因受扶養眷屬人數而增加給付或津貼，但僅限於無工作收入配偶、未成年子女或身心障礙子女，並未將父母納入扶養眷屬，致非自願離職者因扶養父母而加重負擔。隨著社會變遷及家庭型態的改變，我國單身人口比例持續增高，國民婚育年齡不斷延後，推估我國將於 2025 年邁入超高齡社會。爰此，提案「就業保險法第十九條之一條文修正草案」，將無工作收入父母納入受扶養眷屬，以降低我國非自願離職者家庭扶養負擔。是否有當？敬請公決。 
3632,4,地方民意代表費用支給及村里長事務補助費補助條例第七條及第八條條文修正草案,2021/12/3,2022/3/30,委員會審查,0,0,1,0,楊瓊瓔,呂玉玲,,,,,,,,,,,,,,,,,,,,翁重鈞,孔文吉,鄭麗文,吳斯懷,謝衣鳯,李德維,林奕華,林德福,魯明哲,陳玉珍,李貴敏,游毓蘭,費鴻泰,曾銘宗,廖婉汝,許淑華,高金素梅,,,,,,,,,,,,,,,,,,,,,,,,,,,,,,,,,,,,,,,,,,,,,,地方民意代表費用支給及村里長事務補助費補助條例第七條及第八條條文修正草案,本院委員楊瓊瓔、呂玉玲等 19 人，有鑑於近年來百姓對於村里長之服務需求不斷增加，村里辦公室服務處變成極多元化，村里長一人必須扮演多重角色（如藝文、巡守、環保、老人、弱勢、仲裁者、協助政府政令宣導、舉辦里民活動、大街小巷、大事小事等等之公共事務）全都包，且村、里長依照「地方制度法」第六十一條第三項規定為無給職，僅有本條例第七條之事務補助費每月四萬五千元支應；惟地方民意代表費用支給及村里長事務補助費補助條例施行自民國 89 年施行至今，21 年來皆未調整過，而事務補助費係指文具費、郵電費、水電費及其他因公支出之費用，現今事實上每月四萬五千元事務費入不敷出，村、里長事務補助費實有調整至五萬元之必要。另為鼓勵村（里）長工作士氣及保障其權益，爰參照災害防救法相關規定，新增第六項，因其職務關係行使公權力，導致傷病、身心障礙或死亡者，應給與撫恤金。為加強村、里辦公處之需求、提升村、里長服務效能，以符合社會人民之期待，爰此，特提出「地方民意代表費用支給及村里長事務補助費補助條例」第七條及第八條條文修正草案。是否有當？敬請公決。 
3732,4,技師法第十一條條文修正草案,2021/12/17,2022/5/5,委員會審查,0,0,1,0,蔡適應,陳亭妃,,,,,,,,,,,,,,,,,,,,陳秀寳,陳瑩,伍麗華,莊競程,張廖萬堅,林宜瑾,蘇治芬,周春米,陳素月,湯蕙禎,張宏陸,鄭運鵬,江永昌,吳秉叡,蘇巧慧,,,,,,,,,,,,,,,,,,,,,,,,,,,,,,,,,,,,,,,,,,,,,,,,技師法第十一條條文修正草案,"本院委員蔡適應、陳亭妃等 17 人，有鑑於聯合國《身心障礙者權利公約》（The Convention on the Rights of Persons with Disabilities, CRPD）第二十七條要求「締約國承認身心障礙者享有與其他人平等之工作權利；此包括於一個開放、融合與無障礙之勞動市場及工作環境中」。經查《技師法》第十一條第一項第四款規範，顯與《身心障礙者權利公約》第二十七條有違，構成對於身心障礙者之歧視，為落實《身心障礙者權利公約》、《身心障礙者權益保障法》揭櫫精神，爰擬具「技師法」第十一條條文修正草案。是否有當？敬請公決。 "
3733,4,醫療法第四十五條之一條文修正草案,2021/12/17,2021/12/17,交付審查,0,0,0,0,蔡適應,陳亭妃,,,,,,,,,,,,,,,,,,,,林宜瑾,陳秀寳,陳瑩,莊競程,湯蕙禎,伍麗華,吳秉叡,蘇治芬,周春米,張廖萬堅,陳素月,鄭運鵬,江永昌,張宏陸,蘇巧慧,,,,,,,,,,,,,,,,,,,,,,,,,,,,,,,,,,,,,,,,,,,,,,,,醫療法第四十五條之一條文修正草案,"本院委員蔡適應、陳亭妃等 17 人，有鑑於我國法制賦予醫療財團法人諸多稅務減免待遇，以創造醫療環境優化條件。惟《醫療法》第四十五條之一對於其董事、監察人資格規範中，卻與聯合國《身心障礙者權利公約》（The Convention on the Rights of Persons with Disabilities, CRPD）第二十七條要求相違，構成對於身心障礙者歧視，由於該公約已透過《身心障礙者權利公約施行法》完成國內法化，為保障身心障礙者平等參與社會權利，爰擬具「醫療法」第四十五條之一條文修正草案。是否有當？敬請公決。 "
3734,4,就業服務法第五十五條條文修正草案,2021/12/17,2021/12/17,交付審查,0,0,0,0,蔡適應,莊瑞雄,湯蕙禎,黃世杰,,,,,,,,,,,,,,,,,,黃秀芳,林楚茵,劉世芳,江永昌,邱議瑩,吳思瑤,鄭運鵬,陳秀寳,王美惠,吳玉琴,蔡易餘,范雲,王定宇,羅美玲,邱泰源,陳歐珀,莊競程,,,,,,,,,,,,,,,,,,,,,,,,,,,,,,,,,,,,,,,,,,,,,,就業服務法第五十五條條文修正草案,本院委員蔡適應、莊瑞雄、湯蕙禎、黃世杰等 21 人，查現行《就業服務法》第五十五條規定符合一定資格者可免繳就業安定費，惟身心障礙區分程度 1（輕度）、程度 2（中度）、程度 3（重度）、程度 4（極重度）等四級，是否所有情形均比照不無疑義，其中程度4、程度3之身心障礙者家庭在照護及其他情形負擔更為加重，基於維護身心障礙者權益，保障其平等參與社會、政治、經濟、文化等之機會，促進其自立及減輕其家庭負擔，爰提出「就業服務法」第五十五條條文修正草案。是否有當？敬請公決。 
3774,4,兒童及少年福利與權益保障法第二十四條、第三十條及第三十三條條文修正草案,2021/12/24,2021/12/24,交付審查,0,0,0,0,蘇巧慧,莊競程,周春米,莊瑞雄,賴瑞隆,林宜瑾,,,,,,,,,,,,,,,,陳秀寳,范雲,吳玉琴,張廖萬堅,賴惠員,吳秉叡,沈發惠,林楚茵,邱議瑩,陳素月,湯蕙禎,洪申翰,陳明文,羅致政,江永昌,,,,,,,,,,,,,,,,,,,,,,,,,,,,,,,,,,,,,,,,,,,,,,,,兒童及少年福利與權益保障法第二十四條、第三十條及第三十三條條文修正草案,本院委員蘇巧慧、莊競程、周春米、莊瑞雄、賴瑞隆、林宜瑾等 21 人，鑒於可提供兒童及少年之活動空間眾多，然因土地或場所之管理權屬各有不同之權管機關，故為擴大提供兒童及少年之活動場所，俾增益其參與或使用文化、休閒或娛樂等活動之權益，宜擴大可提供活動空間之主管機關範圍，以完善對兒童及少年之活動權益保障；另鑑於生物特徵辨識之科技技術已臻多元，為保持可隨科技技術進步與擴充之彈性，以利增加協尋失蹤之疑似發展遲緩、發展遲緩或身心障礙兒童及少年之方法；再者，為鼓勵生育，提昇生育友善環境及減輕負擔，交通、文教設施等服務，應提供孕婦優惠措施，以彰顯鼓勵生育及保障婦幼權益之美意；爰擬具「兒童及少年福利與權益保障法第二十四條、第三十條及第三十三條條文修正草案」。是否有當？敬請公決。 
3778,4,建築法第九十七條條文修正草案,2021/12/24,2021/12/24,交付審查,0,0,0,0,林文瑞,,,,,,,,,,,,,,,,,,,,,孔文吉,林德福,賴士葆,陳超明,游毓蘭,鄭天財,曾銘宗,陳雪生,鄭正鈐,羅明才,蔣萬安,江啟臣,魯明哲,陳玉珍,吳斯懷,,,,,,,,,,,,,,,,,,,,,,,,,,,,,,,,,,,,,,,,,,,,,,,,建築法第九十七條條文修正草案,本院委員林文瑞等 16 人，鑑於無障礙環境是身心障礙者回歸人群、服務社會的重要基礎，惟國內無障礙法規並不完備，「建築法」作為建築管理基本法，卻未明定無障礙的基本要求，僅於《建築技術規則建築設計施工編》略作規範，卻未盡完整。為符合憲法要求國家建構無障礙環境之本旨，履行「身心障礙者權利公約」課予之義務，並與「身心障礙者權益保障法」規範一致，爰擬具「建築法」第九十七條條文修正草案，明定依該條授權訂立之建築技術規則，應全面落實建構無障礙環境。是否有當？敬請公決。 
3797,4,公教人員保險法第十八條條文修正草案,2021/12/24,2021/12/24,交付審查,0,0,0,0,郭國文,邱志偉,賴瑞隆,張宏陸,陳素月,,,,,,,,,,,,,,,,,林楚茵,王美惠,湯蕙禎,蔡易餘,何欣純,黃秀芳,高嘉瑜,江永昌,莊瑞雄,吳琪銘,張其祿,羅致政,沈發惠,林昶佐,洪申翰,,,,,,,,,,,,,,,,,,,,,,,,,,,,,,,,,,,,,,,,,,,,,,,,公教人員保險法第十八條條文修正草案,本院委員郭國文、邱志偉、賴瑞隆、張宏陸、陳素月等 20 人，鑒於重度以上身心障礙者老化年齡與平均餘命與一般正常人相較之下較早且較短，故重度或極重度身心障礙者之勞動能力退化較為迅速，退休後之生活卻未能獲得充分保障，且考量身心障礙者權益保障法之相關規定，亦含括身心障礙者提早退休之精神，為確保身心障礙者之權益，增列重度與極重度身心障礙者退休年齡得提早至五十五歲，且得全額領取養老年金，爰此提案修正「公教人員保險法第十八條條文修正草案」。是否有當？敬請公決。 
3948,5,中華民國憲法增修條文第四條及第十條條文修正草案,2022/3/11,2022/3/11,交付審查,0,0,0,0,徐志榮,,,,,,,,,,,,,,,,,,,,,陳超明,陳以信,李貴敏,吳斯懷,江啟臣,翁重鈞,蔣萬安,鄭正鈐,鄭麗文,林思銘,溫玉霞,李德維,曾銘宗,林文瑞,費鴻泰,賴士葆,陳雪生,陳玉珍,呂玉玲,洪孟楷,游毓蘭,廖國棟,羅明才,鄭天財,林奕華,張育美,廖婉汝,林為洲,吳怡玎,魯明哲,謝衣鳯,,,,,,,,,,,,,,,,,,,,,,,,,,,,,,,,中華民國憲法增修條文第四條及第十條條文修正草案,本院委員徐志榮等 32 人，有鑑於憲法乃國之根本大法，規範基本人權、憲政體制、基本國策等，是故修正憲法必須周延、慎重，方得使憲法根基永續不墜、國祚永存。又身心障礙者人權已是普世人權，身心障礙者權利公約為 21 世紀第一個人權公約，影響全球身心障礙者之權利保障甚鉅，聯合國已於 2006 年通過該公約，保障及確保身心障礙者完全及平等地享有所有人權及基本自由，促進固有尊嚴受到尊重，降低身心障礙者在社會上之不利狀態，以使其得享有公平機會參與社會之公民、政治、經濟、社會及文化領域；然我國憲法本文及增修條文對於身心障礙者之參政權以及平等權保障略嫌不足，爰擬具「中華民國憲法增修條文第四條及第十條條文修正草案」。是否有當？敬請公決。 
4010,5,中華民國憲法增修條文第四條及第十條條文修正草案,2022/3/11,2022/3/11,交付審查,0,0,0,0,鄭正鈐,林德福,萬美玲,,,,,,,,,,,,,,,,,,,許淑華,吳斯懷,陳玉珍,林思銘,陳以信,徐志榮,溫玉霞,游毓蘭,賴士葆,蔣萬安,陳超明,傅崐萁,張育美,鄭天財,林奕華,林文瑞,費鴻泰,陳雪生,曾銘宗,鄭麗文,謝衣鳯,廖婉汝,洪孟楷,羅明才,李德維,吳怡玎,楊瓊瓔,,,,,,,,,,,,,,,,,,,,,,,,,,,,,,,,,,,,中華民國憲法增修條文第四條及第十條條文修正草案,本院委員鄭正鈐、林德福、萬美玲等 30 人，鑑於聯合國身心障礙者權利公約（CRPD）已被世界各國視為保障身心障礙者的基本國策，我國已於 103 年 8 月通過「身心障礙者權利公約施行法」，為使該身障公約之平權精神能在憲法層次上獲得保障，自當將身障公約之宗旨予以入憲，以符合國際人權價值及趨勢。為維護身心障礙者權益，保障其平等參與社會、政治、經濟、文化等之機會，促進其自立及發展。爰擬具「中華民國憲法增修條文第四條及第十條條文修正草案」。是否有當？敬請公決。 
4093,5,學校衛生法第二十五條條文修正草案,2022/5/6,2022/5/6,交付審查,0,0,0,0,黃國書,李昆澤,吳思瑤,林宜瑾,陳秀寳,羅美玲,,,,,,,,,,,,,,,,曾銘宗,張廖萬堅,李德維,鄭正鈐,陳歐珀,楊曜,王美惠,鍾佳濱,羅致政,郭國文,黃秀芳,林靜儀,,,,,,,,,,,,,,,,,,,,,,,,,,,,,,,,,,,,,,,,,,,,,,,,,,,學校衛生法第二十五條條文修正草案,本院委員黃國書、李昆澤、吳思瑤、林宜瑾、陳秀寳、羅美玲等 18 人，為落實《身心障礙者權利公約》，確保學校建構友善、共融的環境，校園內之教學與運動遊戲器材設備不僅應考量學生之安全、健康，亦應考量身心障礙學童之便利性，以確保身心障礙學童於成長過程也能與其他孩童同樂，透過遊具學習、成長，爰擬具「學校衛生法第二十五條條文修正草案」。是否有當？敬請公決。 
4094,5,兒童及少年福利與權益保障法第二十四條條文修正草案,2022/3/18,2022/3/18,交付審查,0,0,0,0,黃國書,李昆澤,吳思瑤,林宜瑾,羅美玲,陳秀寳,,,,,,,,,,,,,,,,張廖萬堅,楊曜,李德維,鄭正鈐,曾銘宗,陳歐珀,陳素月,王美惠,羅致政,吳玉琴,黃秀芳,邱泰源,鍾佳濱,林靜儀,,,,,,,,,,,,,,,,,,,,,,,,,,,,,,,,,,,,,,,,,,,,,,,,,兒童及少年福利與權益保障法第二十四條條文修正草案,本院委員黃國書、李昆澤、吳思瑤、林宜瑾、羅美玲、陳秀寳等 20 人，期許民間提供休閒、娛樂及文化之活動空間時，不僅以合適與否作為設立時應考量之要件，應參酌兒童及少年之健康、安全，以及不同年齡層、性別、身心障礙兒童及少年之便利性，以確保於不同特性的孩童於成長過程皆能透過遊具學習、成長，爰擬具「兒童及少年福利與權益保障法第二十四條條文修正草案」。是否有當？敬請公決。 
4109,5,中華民國憲法增修條文第十條條文修正草案,2022/3/18,2022/3/18,交付審查,0,0,0,0,萬美玲,,,,,,,,,,,,,,,,,,,,,賴士葆,鄭麗文,吳斯懷,費鴻泰,孔文吉,洪孟楷,鄭天財,羅明才,曾銘宗,魯明哲,呂玉玲,吳怡玎,陳雪生,游毓蘭,蔣萬安,陳玉珍,李德維,林為洲,張育美,溫玉霞,廖婉汝,楊瓊瓔,林思銘,林德福,翁重鈞,林文瑞,馬文君,鄭正鈐,林奕華,高金素梅,徐志榮,許淑華,,,,,,,,,,,,,,,,,,,,,,,,,,,,,,,中華民國憲法增修條文第十條條文修正草案,本院委員萬美玲等 33 人，鑒於動物保護已為國際趨勢，且聯合國於 1978 年《世界動物權宣言》就已規範動物生存權和動物免遭虐待之權利，目前瑞士、德國、盧森堡、奧地利等十國已將動物保護入憲，雖我國已於民國 87 年通過《動物保護法》保障動物基本福利，然因只在法律層級，動物法益往往在與其他受憲法保障之利益相衝時被犧牲，若將動物保護入憲，當動物法益與人民受憲法保障之法益相衝突時，更有利於我國行政、立法、司法權衡平各種法益，做出最適判斷。此外，根據聯合國身心障礙者權利公約（CRPD）之宗旨，我國已於103 年立法通過身心障礙者權利公約施行法，截至110年底我國領有身心障礙證明者已高達120.1 萬人，佔全國總人口數5.12%，相當於每 20 人就有 1 人具有身心障礙者之身分，然隨身心障礙者人數不斷增加，我國對於身心障礙者權益之保護卻僅在法律層級，為使該身障公約之精神能在憲法層次上獲得保障，提升我國對身心障礙者權益之保護，修正我國身心障礙者基本國策。爰擬具「中華民國憲法增修條文第十條條文修正草案」。是否有當？敬請公決。 
4124,5,精神衛生法修正草案,2022/3/18,2022/11/29,三讀,1,1,1,1,蔡壁如,賴香伶,張其祿,高虹安,邱臣遠,,,,,,,,,,,,,,,,,,,,,,,,,,,,,,,,,,,,,,,,,,,,,,,,,,,,,,,,,,,,,,,,,,,,,,,,,,,,,,,精神衛生法修正草案,本院民眾黨黨團，有鑑於「精神衛生法」（以下稱本法）自民國七十九年制訂公布全文五十二條以來，施行將近三十年，社會狀況及法令規範多所變動，且近期諸多和心理健康相關之社會案件頻繁發生，突顯前端預防與社區支持服務合作已然不足，為因應社會需求及實務執行面之需要，應即建立多層次、多面向及多專業合作之精神衛生照顧網絡，呼應CRPD 公約有關精神疾病病人與身心障礙者自由、自主權、醫療權、安全保障、平等對待及社區融合之理想。且考量醫療人員於強制治療實務上面臨人力、資源、與安全等問題，有賴各機關橫向連結合作，爰此，提出「精神衛生法修正草案」。是否有當？敬請公決。 
4134,5,兒童及少年福利與權益保障法第三十三條之一條文修正草案,2022/3/18,2022/3/18,交付審查,0,0,0,1,王婉諭,邱顯智,陳椒華,,,,,,,,,,,,,,,,,,,,,,,,,,,,,,,,,,,,,,,,,,,,,,,,,,,,,,,,,,,,,,,,,,,,,,,,,,,,,,,,,兒童及少年福利與權益保障法第三十三條之一條文修正草案,本院時代力量黨團，鑑於婦幼應有之保障，尚包含孕婦、育有六歲以下兒童者出行之停車空間，公有路外停車場做為公共停車空間之一環，除設置身心障礙者之專用停車格外，亦應設置孕婦、育有六歲以下兒童者之專用停車位，爰擬具「兒童及少年福利與權益保障法第三十三條之一條文修正草案」。是否有當？敬請公決。 
4176,5,精神衛生法修正草案,2022/4/22,2022/11/29,三讀,1,1,1,0,邱泰源,吳思瑤,林宜瑾,劉櫂豪,蔡易餘,蘇震清,,,,,,,,,,,,,,,,黃國書,莊競程,蘇巧慧,賴惠員,黃秀芳,吳玉琴,陳明文,邱志偉,洪申翰,陳秀寳,鄭運鵬,劉建國,沈發惠,林楚茵,許智傑,管碧玲,王美惠,,,,,,,,,,,,,,,,,,,,,,,,,,,,,,,,,,,,,,,,,,,,,,精神衛生法修正草案,本院委員邱泰源、吳思瑤、林宜瑾、劉櫂豪、蔡易餘、蘇震清等 23 人，有鑑於《精神衛生法》自民國九十七年全文修正施行至今已逾十年，社會經濟與生活型態已多所變遷，人民對精神衛生與心理健康資源之需求亦與日俱增。當社區偶有發生精神危機事件，其因應與處理機制恐有不足，精神疾病病人與家庭照顧者所需之社區支持服務，亦付之闕如，並呼應 CRPD 公約有關精神疾病病人與身心障礙者自由、自主權、就醫權、安全保障、平等對待及社區融合之理想。爰就通報、護送就醫及醫療治療需要之約束、緊急安置、強制住院及強制社區治療等相關規定，全面檢視「精神衛生法」條文內容並通盤加以修正。是否有當？敬請公決。 
4193,5,優生保健法部分條文修正草案,2022/5/27,2022/5/27,交付審查,0,0,0,0,林靜儀,,,,,,,,,,,,,,,,,,,,,林俊憲,陳素月,李昆澤,劉世芳,蔡易餘,黃世杰,黃國書,林楚茵,范雲,張廖萬堅,郭國文,鍾佳濱,林宜瑾,吳思瑤,邱議瑩,蘇治芬,林岱樺,陳亭妃,,,,,,,,,,,,,,,,,,,,,,,,,,,,,,,,,,,,,,,,,,,,,優生保健法部分條文修正草案,本院委員林靜儀等 19 人，鑑於尊重懷孕婦女之身體自主權，及避免歧視具身心障礙、特殊疾病及遺傳性疾病者，爰擬具「優生保健法部分條文修正草案」。是否有當？敬請公決。 
4197,5,性別工作平等法部分條文修正草案,2022/3/25,2023/7/31,三讀,1,1,1,0,林靜儀,,,,,,,,,,,,,,,,,,,,,林俊憲,蔡易餘,李昆澤,劉世芳,黃世杰,黃國書,張廖萬堅,林楚茵,林宜瑾,范雲,鍾佳濱,郭國文,吳思瑤,邱議瑩,林岱樺,蘇治芬,陳亭妃,,,,,,,,,,,,,,,,,,,,,,,,,,,,,,,,,,,,,,,,,,,,,,性別工作平等法部分條文修正草案,本院委員林靜儀等 18 人，鑑於台灣社會正面臨少子化及高齡化之現象，受僱者之家庭照顧需求及責任日漸提高。然查現行性別工作平等法針對受僱者育嬰及失能、身心障礙或重大傷病照顧之規範性保障仍顯不足，為保障受僱者之工作與生活衡平，爰擬具「性別工作平等法部分條文修正草案」。是否有當？敬請公決。 
4233,5,社會秩序維護法第九條條文修正草案,2022/4/1,2022/4/1,交付審查,0,0,0,0,徐志榮,陳以信,,,,,,,,,,,,,,,,,,,,孔文吉,江啟臣,楊瓊瓔,林為洲,鄭正鈐,吳怡玎,魯明哲,謝衣鳯,林文瑞,溫玉霞,鄭天財,洪孟楷,李德維,陳玉珍,林思銘,陳超明,張育美,,,,,,,,,,,,,,,,,,,,,,,,,,,,,,,,,,,,,,,,,,,,,,社會秩序維護法第九條條文修正草案,本院委員徐志榮、陳以信等 19 人，有鑑於社會秩序維護法等極少數法律條文中，仍續用瘖啞之歧視字眼，雖我國之身心障礙者權益保障法自民國96年7月11日修正公布，民國103年8 月20 日亦已三讀通過身心障礙者權利公約施行法；然依據身障公約第一條規定：「本公約宗旨係促進、保障與確保所有身心障礙者充分及平等享有所有人權及基本自由，並促進對身心障礙者固有尊嚴之尊重」，而現行社會秩序維護法卻仍使用「瘖啞人」之歧視文字，不符合身心障礙者權益保障法第一條所揭櫫平等保障之精神，爰擬具「社會秩序維護法第九條條文修正草案」。是否有當？敬請公決。 
4234,5,中華民國刑法第二十條條文修正草案,2022/4/1,2022/4/1,交付審查,0,0,0,0,徐志榮,陳以信,,,,,,,,,,,,,,,,,,,,鄭正鈐,鄭天財,陳超明,江啟臣,吳怡玎,林思銘,孔文吉,魯明哲,洪孟楷,謝衣鳯,李德維,楊瓊瓔,林文瑞,溫玉霞,林為洲,陳玉珍,張育美,,,,,,,,,,,,,,,,,,,,,,,,,,,,,,,,,,,,,,,,,,,,,,中華民國刑法第二十條條文修正草案,本院委員徐志榮、陳以信等 19 人，有鑑於身心障礙者權益保障法自民國96年7月11日修正公布，且民國103年8月20日亦已三讀通過身心障礙者權利公約施行法；然依據身障公約第一條規定：「本公約宗旨係促進、保障與確保所有身心障礙者充分及平等享有所有人權及基本自由，並促進對身心障礙者固有尊嚴之尊重」，而現行刑法卻仍使用「瘖啞人」之歧視文字，不符合身心障礙者權益保障法第一條所揭櫫平等保障之精神，爰擬具「中華民國刑法第二十條條文修正草案」。是否有當？敬請公決。 
4241,5,技師法第十一條條文修正草案,2022/5/20,2022/5/20,交付審查,0,0,0,0,李昆澤,林宜瑾,賴瑞隆,莊瑞雄,,,,,,,,,,,,,,,,,,黃秀芳,蘇巧慧,吳思瑤,賴品妤,羅美玲,吳玉琴,林楚茵,范雲,陳素月,陳秀寳,林靜儀,湯蕙禎,洪申翰,鍾佳濱,張廖萬堅,莊競程,蔡易餘,伍麗華,沈發惠,黃國書,高嘉瑜,,,,,,,,,,,,,,,,,,,,,,,,,,,,,,,,,,,,,,,,,,技師法第十一條條文修正草案,本院委員李昆澤、林宜瑾、賴瑞隆、莊瑞雄等 25 人，依據身心障礙者權利公約（CRPD）精神，「罹患精神疾病或身心狀況違常」之用語，明顯違反身心障礙者權利公約不歧視原則，爰此，擬具「技師法第十一條條文修正草案」，修正為中性用詞「有客觀事實認不能執行業務」。並增訂「有客觀事實認不能執行業務」之認定，規範中央主管機關應邀請相關專科醫師、技師公會代表及學者專家，依據相關專業共同判斷，且總數不得少於二分之一。是否有當？敬請公決。 
4382,5,建築師法第四條條文修正草案,2022/4/15,2022/4/15,交付審查,0,0,0,0,蔡適應,何志偉,,,,,,,,,,,,,,,,,,,,郭國文,羅致政,莊瑞雄,張廖萬堅,賴惠員,林淑芬,蔡易餘,陳瑩,陳明文,許智傑,江永昌,陳秀寳,莊競程,邱泰源,黃世杰,范雲,賴品妤,林靜儀,王美惠,羅美玲,,,,,,,,,,,,,,,,,,,,,,,,,,,,,,,,,,,,,,,,,,,建築師法第四條條文修正草案,"本院委員蔡適應、何志偉等 22 人，有鑑於《建築師法》僅因醫師諮詢即可排除部分精神疾病或身心狀況違常者從事建築師業務，與聯合國《身心障礙者權利公約》（The Convention on the Rights of Persons with Disabilities, CRPD）第二十七條要求相違，構成對於身心障礙者歧視，由於該公約已透過《身心障礙者權利公約施行法》完成國內法化，為保障身心障礙者平等參與社會權利，爰擬具「建築師法」第四條條文修正草案。是否有當？敬請公決。 "
4426,5,特殊教育法修正草案,2022/4/29,2023/5/29,三讀,1,1,1,0,黃國書,伍麗華,張廖萬堅,,,,,,,,,,,,,,,,,,,林宜瑾,劉櫂豪,羅美玲,劉建國,陳秀寳,吳思瑤,王美惠,林昶佐,吳怡玎,林岱樺,莊瑞雄,湯蕙禎,陳素月,李德維,何志偉,,,,,,,,,,,,,,,,,,,,,,,,,,,,,,,,,,,,,,,,,,,,,,,,特殊教育法修正草案,本院委員黃國書、伍麗華Saidhai Tahovecahe、張廖萬堅等 18人，鑒於近來社會環境變化迅速，我國特殊教育思潮亦受到十二年國民基本教育推動、特殊教育課程實施規範之訂定、身心障礙者權利公約及兒童權利公約等影響而轉變。為因應社會變遷、整體教育環境演進以及當代特殊教育推動發展之需求，爰擬具「特殊教育法修正草案」，以提升特殊教育發展，落實教育機會均等，實踐教育適性適才之目標。是否有當？敬請公決。 
4439,5,精神衛生法修正草案,2022/4/22,2022/11/29,三讀,1,1,1,0,張育美,,,,,,,,,,,,,,,,,,,,,賴士葆,李德維,鄭正鈐,林思銘,溫玉霞,吳怡玎,林德福,萬美玲,李貴敏,游毓蘭,廖婉汝,謝衣鳯,費鴻泰,羅明才,陳雪生,,,,,,,,,,,,,,,,,,,,,,,,,,,,,,,,,,,,,,,,,,,,,,,,精神衛生法修正草案,本院委員張育美等 16 人，有鑑於精神衛生法自 96 年 7 月 4日修正公布迄今已逾 10 年，應檢討現行條文之不足，並呼應聯合國身心障礙者權利公約（CRPD）及兒童權利公約（CRC）之精神，以保障精神疾病病人之人權，並強化各機關之職責、建立跨網絡之合作，確保精神疾病病人能獲得妥善連續性的醫療照護及社區支持服務，爰擬具「精神衛生法修正草案」。是否有當？敬請公決。 
4460,5,精神衛生法修正草案,2022/4/22,2022/11/29,三讀,1,1,1,0,蘇巧慧,張宏陸,張廖萬堅,,,,,,,,,,,,,,,,,,,王美惠,洪申翰,劉世芳,吳玉琴,陳秀寳,林俊憲,陳瑩,李昆澤,陳素月,羅美玲,許智傑,何欣純,吳思瑤,范雲,蔡易餘,伍麗華,林靜儀,沈發惠,林宜瑾,,,,,,,,,,,,,,,,,,,,,,,,,,,,,,,,,,,,,,,,,,,,精神衛生法修正草案,本院委員蘇巧慧、張宏陸、張廖萬堅等 22 人，鑑於國際對身心障礙者權利公約及兒童權利公約日益重視，對精神疾病病人與身心障礙者自由、自主權、就醫權、安全保障、平等對待及社區融合之理想等面向重新檢視之必要，爰擬具「精神衛生法修正草案」。是否有當？敬請公決。 
4511,5,技師法第十一條條文修正草案,2022/5/20,2022/5/20,交付審查,0,0,0,0,劉櫂豪,蔡易餘,伍麗華,莊瑞雄,吳琪銘,,,,,,,,,,,,,,,,,王美惠,湯蕙禎,林宜瑾,江永昌,鄭運鵬,何欣純,陳亭妃,張宏陸,陳瑩,賴香伶,黃世杰,邱泰源,管碧玲,,,,,,,,,,,,,,,,,,,,,,,,,,,,,,,,,,,,,,,,,,,,,,,,,,技師法第十一條條文修正草案,本院委員劉櫂豪、蔡易餘、伍麗華 Saidhai Tahovecahe、莊瑞雄、吳琪銘等 18 人，為落實身心障礙者權利公約之精神，保障身心障礙者工作權益，兼顧各類技師執業應具有之專業判斷能力及簽證應負責任，衡量公共利益及公共安全之維持，爰刪除歧視性文字，並做適當修正。爰擬具技師法第十一條修正草案。是否有當？敬請公決。 
4534,5,國民體育法第二十三條條文修正草案,2022/5/27,2022/5/27,交付審查,0,0,0,0,莊瑞雄,蘇震清,陳亭妃,,,,,,,,,,,,,,,,,,,鄭運鵬,蔡適應,賴品妤,湯蕙禎,蘇治芬,陳歐珀,黃秀芳,蔡易餘,蘇巧慧,賴瑞隆,王美惠,鍾佳濱,劉建國,林岱樺,莊競程,江永昌,陳瑩,高嘉瑜,余天,伍麗華,,,,,,,,,,,,,,,,,,,,,,,,,,,,,,,,,,,,,,,,,,,國民體育法第二十三條條文修正草案,本院委員莊瑞雄、蘇震清、陳亭妃等 23 人，為保障參加國際運動賽會國家代表選手，在投入訓練及參賽期間如有嚴重運動傷害，在醫療及就業輔導上能夠獲得充分保障，爰提「國民體育法第二十三條條文修正草案」，保障選手在受訓及參賽期間受傷致短期失能或身心障礙，國家應給予後續的醫療照顧及轉職輔導。是否有當？敬請公決。 
4539,5,特殊教育法修正草案,2022/4/29,2023/5/29,三讀,1,1,1,0,吳玉琴,,,,,,,,,,,,,,,,,,,,,陳素月,蘇巧慧,湯蕙禎,羅致政,賴品妤,王美惠,江永昌,管碧玲,沈發惠,陳歐珀,莊競程,何欣純,許智傑,邱泰源,林楚茵,吳秉叡,黃秀芳,,,,,,,,,,,,,,,,,,,,,,,,,,,,,,,,,,,,,,,,,,,,,,特殊教育法修正草案,本院委員吳玉琴等 18 人，為邁向融合，落實以學生為本的教育環境，並回應教學現場需要及身心障礙者權利公約國家報告審查意見，爰提具「特殊教育法修正草案」。是否有當？敬請公決。 
4549,5,精神衛生法部分條文修正草案,2022/4/29,2022/11/29,三讀,1,1,1,0,林奕華,洪孟楷,,,,,,,,,,,,,,,,,,,,陳超明,楊瓊瓔,林為洲,吳斯懷,李德維,萬美玲,鄭天財,吳怡玎,張育美,孔文吉,費鴻泰,賴士葆,鄭正鈐,翁重鈞,林思銘,魯明哲,廖婉汝,謝衣鳯,徐志榮,林文瑞,游毓蘭,溫玉霞,,,,,,,,,,,,,,,,,,,,,,,,,,,,,,,,,,,,,,,,,精神衛生法部分條文修正草案,本院委員林奕華、洪孟楷等 24 人，有鑑於保障身心障礙者人權為普世價值，且聯合國「身心障礙者權利公約（CRPD）」已行之有年。為使我國精神衛生法能更符合 CRPD 精神，提升對精神疾病患者之權益保障，爰擬具「精神衛生法部分條文修正草案」，透過給予患者社區支持、協助患者與他們平等生活等方式，提升對精神疾病患者之保障，以令本法能更符合身心障礙者權利公約（CRPD）之精神。是否有當？敬請公決。 
4583,5,學校衛生法第二十五條條文修正草案,2022/5/6,2022/5/6,交付審查,0,0,0,0,萬美玲,,,,,,,,,,,,,,,,,,,,,馬文君,鄭正鈐,羅明才,林思銘,廖婉汝,吳怡玎,游毓蘭,魯明哲,陳玉珍,溫玉霞,楊瓊瓔,洪孟楷,吳斯懷,鄭天財,呂玉玲,,,,,,,,,,,,,,,,,,,,,,,,,,,,,,,,,,,,,,,,,,,,,,,,學校衛生法第二十五條條文修正草案,本院委員萬美玲等 16 人，鑒於「身心障礙者公約」第七條第一項規定：「締約國應採取所有必要設施，確保身心障礙兒童在與其他兒童平等基礎上，充分享有所有人權與基本自由」，然現行「學校衛生法」第二十五條僅規定，學校每學期須定期實施建築設備安全及環境衛生檢查，並未針對身心障礙學生之需求進行規範，顯有所不足，為使身心障礙學生能享有友善之教學環境、教具及各項運動遊戲器材設備與其他學生共同學習、成長，爰擬具「學校衛生法第二十五條條文修正草案」，增訂第一項：「學校之建築設備應考量通用設計之精神，符合不同年齡、性別或身心障礙學生之安全、健康及使用便利」，以保障身心障礙學生之受教權益。是否有當？敬請公決。 
4584,5,國民體育法第七條條文修正草案,2022/5/6,2022/5/6,交付審查,0,0,0,0,萬美玲,洪孟楷,,,,,,,,,,,,,,,,,,,,呂玉玲,陳玉珍,林思銘,游毓蘭,溫玉霞,廖婉汝,馬文君,楊瓊瓔,鄭天財,鄭正鈐,魯明哲,吳怡玎,羅明才,吳斯懷,,,,,,,,,,,,,,,,,,,,,,,,,,,,,,,,,,,,,,,,,,,,,,,,,國民體育法第七條條文修正草案,本院委員萬美玲、洪孟楷等 16 人，鑒於現行條文「國民體育法第七條」規定中央主管機關為推行體育活動，應制定全國體育發展政策，並逐年檢討修正之，直轄市、縣（市）政府應依全國體育發展政策制定地方體育發展計畫，鼓勵國民建立良好之運動習慣，擁有強健之體魄，然該條文卻未規定於制定政策時，應邀請身心障礙者團體及代表參與，聽取身心障礙者之需求及建議，易於政策制定時忽略其權益，將使身心障礙者之體育活動權益受損，為保障身心障礙者之體育活動權益，爰擬具「國民體育法第七條條文修正草案」，增訂中央主管機關制定全國體育發展政策時，應邀集身心障礙者團體或代表參與。是否有當？敬請公決。 
4630,5,身心障礙者權益保障法增訂第四十條之一條文草案,2022/5/27,2022/12/15,委員會審查,0,0,1,0,賴品妤,許智傑,湯蕙禎,,,,,,,,,,,,,,,,,,,吳玉琴,陳素月,王美惠,陳秀寳,羅美玲,沈發惠,張廖萬堅,范雲,江永昌,吳思瑤,吳琪銘,黃世杰,伍麗華,,,,,,,,,,,,,,,,,,,,,,,,,,,,,,,,,,,,,,,,,,,,,,,,,,身心障礙者權益保障法增訂第四十條之一條文草案,本院委員賴品妤、許智傑、湯蕙禎等 16 人，有鑑於現今法規皆未有規範就業環境之資訊無障礙化，而《身心障礙者權益保障法》亦僅有第五十二條第一項第三款規定各機關應辦理「公共資訊無障礙服務」，未就身心障礙者之就職資訊落差考量。惟現今科技發展迅速，大部分工作環境皆高比例使用新興科技、資訊系統進行業務處理，此導致許多身心障礙者因就職單位未建置無障礙資訊、通訊傳播系統而無法發揮工作能力，甚至因此無法取得工作，顯然對工作平權、資訊平權有嚴重落差情事。為落實《身心障礙者權益公約》之精神，彌平資訊落差，促進身心障礙者之工作權益，並保障相對弱勢群體權利，爰提案增訂「身心障礙者權益保障法」第四十條之一條文草案。是否有當？敬請公決。 
4724,5,建築法第九十七條條文修正草案,2022/5/13,2022/5/13,交付審查,0,0,0,0,鄭麗文,呂玉玲,,,,,,,,,,,,,,,,,,,,賴士葆,洪孟楷,楊瓊瓔,林文瑞,陳雪生,溫玉霞,游毓蘭,吳斯懷,鄭正鈐,李德維,陳玉珍,林為洲,張育美,鄭天財,,,,,,,,,,,,,,,,,,,,,,,,,,,,,,,,,,,,,,,,,,,,,,,,,建築法第九十七條條文修正草案,本院委員鄭麗文、呂玉玲等 16 人，鑑於聯合國在 2006 年通過了「身心障礙權利公約」，以及 1979 年聯合國大會通過「消除對婦女一切形式歧視公約」等皆是人權平等條約，政府必須落實身心障礙人權的保障，及環境性別平權的機會，使其全面參與的社會環境。友善的環境空間也能讓社會進步，無障礙設施人人都有機會用到，且如今面臨高齡社會到來，無障礙環境至關重要。為符合憲法第十條國家對於身心障礙者之保險與就醫、無障礙環境之建構、教育訓練與就業輔導及生活維護與救助，應予保障。爰擬具「建築法第九十七條條文修正草案」，明定依該條授權訂立之建築技術規則，全面落實建構無障礙環境。是否有當？敬請公決。 
4759,5,技師法第十一條條文修正草案,2022/5/20,2022/5/20,交付審查,0,0,0,0,陳明文,許智傑,,,,,,,,,,,,,,,,,,,,蘇治芬,邱議瑩,余天,陳素月,吳玉琴,陳亭妃,賴瑞隆,陳秀寳,江永昌,蘇巧慧,邱志偉,張廖萬堅,劉櫂豪,邱泰源,羅美玲,莊瑞雄,蔡易餘,黃秀芳,吳琪銘,,,,,,,,,,,,,,,,,,,,,,,,,,,,,,,,,,,,,,,,,,,,技師法第十一條條文修正草案,本院委員陳明文、許智傑等 21 人，鑒於聯合國於 2006 年 12月 13 日通過「身心障礙者權利公約」，並在 2008 年 5 月 3日生效；而我國雖未加入該公約，但已在 2014 年 8 月 20 公布「身心障礙者權利公約施行法」，並於 2014 年 12 月 3 日實施，是者「身心障礙者權利公約」所規範對身心障礙者公平、不岐視及保障促進等原則，已因該施行法的實施而內國化，成為國內應遵循之法規範。國內也應因這項變化趨勢，修訂多項法規，以促進身心障礙者權益保障。惟技師法第十一條對於技師執業執照之發給等事項上，仍採用岐視性之法敘述，有違前揭公約暨國內施行法之宗旨。爰提出「技師法第十一條條文修正草案」。是否有當？敬請公決。 
4774,5,中華民國刑法部分條文修正草案,2022/5/20,2022/5/20,交付審查,0,0,0,0,黃秀芳,邱志偉,黃國書,林宜瑾,劉世芳,陳秀寳,,,,,,,,,,,,,,,,蘇巧慧,蔡易餘,洪申翰,劉建國,張廖萬堅,郭國文,趙天麟,蘇治芬,蘇震清,賴瑞隆,吳琪銘,,,,,,,,,,,,,,,,,,,,,,,,,,,,,,,,,,,,,,,,,,,,,,,,,,,,中華民國刑法部分條文修正草案,本院委員黃秀芳、邱志偉、黃國書、林宜瑾、劉世芳、陳秀寳等 17 人，有鑑於現行中華民國刑法部分條文使用「心智缺陷」屬歧視性用語，不符合身心障礙者權利公約第三條及第五條不歧視之意旨，爰提具「中華民國刑法部分條文修正草案」，修正條文中歧視性用語。是否有當？敬請公決。 
4788,5,技師法第十一條及第四十二條條文修正草案,2022/5/20,2022/5/20,交付審查,0,0,0,0,伍麗華,賴瑞隆,,,,,,,,,,,,,,,,,,,,蘇治芬,陳明文,吳玉琴,吳秉叡,劉世芳,黃秀芳,陳秀寳,郭國文,王美惠,劉櫂豪,邱泰源,陳素月,江永昌,張廖萬堅,賴惠員,,,,,,,,,,,,,,,,,,,,,,,,,,,,,,,,,,,,,,,,,,,,,,,,技師法第十一條及第四十二條條文修正草案,本院委員伍麗華Saidhai Tahovecahe、賴瑞隆等17人，鑑於國際間對於人權保障日益重視，爰配合身心障礙者權利公約，就技師法現行條文所列之歧視性文字予以修正。又依技師懲戒案件統計資料顯示，技師辦理鑑定事務時，遭遇部分利害關係人濫用技師懲戒機制作為影響爭議調解或訴訟程序之手段，為維護技師執業環境，就利害關係人報請技師懲戒涉及技師辦理鑑定事務時，實須建立初篩機制。爰提出「技師法第十一條及第四十二條」條文修正草案。是否有當？敬請公決。 
4832,5,身心障礙者權益保障法增訂第四十條之一條文草案,2022/5/27,2022/12/15,委員會審查,0,0,1,0,賴惠員,蘇巧慧,蘇治芬,何志偉,,,,,,,,,,,,,,,,,,許智傑,陳素月,王美惠,張宏陸,吳琪銘,余天,陳歐珀,賴品妤,湯蕙禎,賴瑞隆,范雲,何欣純,邱志偉,江永昌,陳瑩,邱泰源,吳思瑤,劉世芳,陳秀寳,林宜瑾,吳玉琴,伍麗華,,,,,,,,,,,,,,,,,,,,,,,,,,,,,,,,,,,,,,,,,身心障礙者權益保障法增訂第四十條之一條文草案,本院委員賴惠員、蘇巧慧、蘇治芬、何志偉等 26 人，鑑於現行法規針對身心障礙者就業環境之資訊無障礙化，僅《身心障礙者權益保障法》第五十二條第一項第三款規定各機關應辦理「公共資訊無障礙服務」，但並未考量身心障礙者就職時之資訊落差；現今科技發展迅速，使用新興科技、資訊系統進行業務處理已是工作常態，但因就職單位未建置無障礙資訊、通訊傳播系統而導致身心障礙者無法發揮工作能力，甚至因此無法取得工作，顯然對工作平權、資訊平權有嚴重落差情事。為落實《身心障礙者權益公約》之精神，彌平資訊落差，促進身心障礙者之工作權益，並保障相對弱勢群體權利，爰提案增訂「身心障礙者權益保障法」第四十條之一條文草案。是否有當？敬請公決。 
4841,5,物理治療師法第九條及第十二條條文修正草案,2022/5/27,2022/5/27,交付審查,0,0,0,0,林靜儀,王定宇,邱志偉,何志偉,莊瑞雄,林昶佐,蔡易餘,,,,,,,,,,,,,,,周春米,羅美玲,林楚茵,鄭運鵬,莊競程,陳亭妃,余天,黃世杰,王美惠,郭國文,賴瑞隆,蘇巧慧,許智傑,,,,,,,,,,,,,,,,,,,,,,,,,,,,,,,,,,,,,,,,,,,,,,,,,,物理治療師法第九條及第十二條條文修正草案,本院委員林靜儀、王定宇、邱志偉、何志偉、莊瑞雄、林昶佐、蔡易餘等 20 人，有鑑於《物理治療師法》自 1995 年立法至今，業務條文內容未能與時俱進做適當修訂，加上我國人口結構高齡化及民眾對於健康意識之重視，物理治療除現行醫療照護領域外，更拓展教育、體育、勞動、健康維持、預防延緩失能、長期照顧及社會福利等體系之專業服務，物理治療師的角色已從傳統醫治身心障礙者的復健人員，轉型為全人、全方位的健康照護專業人員，若所有業務皆須依醫師之診斷、照會或醫囑為之，讓於醫療前端有健康促進和預防需求的民眾不易獲得物理治療專業服務，也限縮了物理治療師提供健康促進、傷病預防、延緩衰退之服務，俾使提升國民健康，增進民眾福祉。爰提出「物理治療師法第九條及第十二條條文修正草案」。是否有當？敬請公決。 
4842,5,入出國及移民法第三十一條條文修正草案,2022/5/27,2023/5/30,三讀,1,1,1,0,余天,,,,,,,,,,,,,,,,,,,,,林岱樺,陳亭妃,黃秀芳,林俊憲,張廖萬堅,蔡易餘,何志偉,陳明文,羅致政,江永昌,陳瑩,陳素月,賴惠員,吳琪銘,蘇震清,劉建國,王定宇,王美惠,劉世芳,許智傑,伍麗華,湯蕙禎,,,,,,,,,,,,,,,,,,,,,,,,,,,,,,,,,,,,,,,,,入出國及移民法第三十一條條文修正草案,本院委員林靜儀、王定宇、邱志偉、何志偉、莊瑞雄、林昶佐、蔡易餘等 20 人，有鑑於《物理治療師法》自 1995 年立法至今，業務條文內容未能與時俱進做適當修訂，加上我國人口結構高齡化及民眾對於健康意識之重視，物理治療除現行醫療照護領域外，更拓展教育、體育、勞動、健康維持、預防延緩失能、長期照顧及社會福利等體系之專業服務，物理治療師的角色已從傳統醫治身心障礙者的復健人員，轉型為全人、全方位的健康照護專業人員，若所有業務皆須依醫師之診斷、照會或醫囑為之，讓於醫療前端有健康促進和預防需求的民眾不易獲得物理治療專業服務，也限縮了物理治療師提供健康促進、傷病預防、延緩衰退之服務，俾使提升國民健康，增進民眾福祉。爰提出「物理治療師法第九條及第十二條條文修正草案」。是否有當？敬請公決。 
4843,5,身心障礙者權益保障法第五十三條及第九十九條條文修正草案,2022/5/27,2022/12/15,委員會審查,0,0,1,0,余天,,,,,,,,,,,,,,,,,,,,,吳琪銘,賴惠員,黃秀芳,林俊憲,張廖萬堅,伍麗華,陳明文,林岱樺,何志偉,蔡易餘,蘇震清,劉建國,羅致政,王定宇,湯蕙禎,王美惠,江永昌,劉世芳,許智傑,陳亭妃,陳瑩,陳素月,,,,,,,,,,,,,,,,,,,,,,,,,,,,,,,,,,,,,,,,,身心障礙者權益保障法第五十三條及第九十九條條文修正草案,本院委員余天等 23 人，有鑑於身心障礙者權益保障法第五十三條明訂運輸營運者應於所服務之路線、航線或區域內，規劃適當路線、航線、班次、客車（機船）廂（艙），提供無障礙運輸服務。然若於無障礙運輸服務因故無法使用時，因運輸營運者未提供相關配套措施，導致身心障礙者面臨無法使用該交通工具等窘境，所在多有。為保障身心障礙者之基本權益，爰提案修正「身心障礙者權益保障法」第五十三條，要求運輸營運者於無障礙運輸服務因故無法提供時，應提出相關配套措施，並修正第九十九條，明訂違反之罰則。是否有當？敬請公決。 
4868,5,優生保健法部分條文修正草案,2022/5/27,2022/5/27,交付審查,0,0,0,0,范雲,,,,,,,,,,,,,,,,,,,,,林楚茵,湯蕙禎,郭國文,林靜儀,何欣純,陳秀寳,莊競程,羅美玲,王定宇,王美惠,鍾佳濱,陳瑩,周春米,管碧玲,蘇巧慧,賴品妤,,,,,,,,,,,,,,,,,,,,,,,,,,,,,,,,,,,,,,,,,,,,,,,優生保健法部分條文修正草案,本院委員范雲等 17 人，有鑑於優生保健法自民國 98 年修正以來，未再進行修正，隨著時代變遷與社會觀念之改變，有進行修正與討論之必要。為尊重懷孕婦女之身體自主權與生育權，消弭優生保健法對身心障礙、特殊疾病及遺傳性疾病之歧視性，爰將法律名稱改為「生育保健法」，並擬具「優生保健法」部分條文修正草案。是否有當？敬請公決。 
4892,5,國民體育法第二十三條條文修正草案,2022/5/27,2022/5/27,交付審查,0,0,0,0,萬美玲,,,,,,,,,,,,,,,,,,,,,林奕華,林德福,羅明才,鄭天財,孔文吉,賴士葆,張育美,林為洲,楊瓊瓔,謝衣鳯,鄭麗文,曾銘宗,溫玉霞,陳以信,游毓蘭,,,,,,,,,,,,,,,,,,,,,,,,,,,,,,,,,,,,,,,,,,,,,,,,國民體育法第二十三條條文修正草案,本院委員萬美玲等 16 人，鑒於現行「國民體育法」第二十三條第二項規定：「國家代表隊培訓選手及隊職員因培訓或參賽致短期失能、身心障礙或死亡者，中央主管機關應發給慰問金」，然運動傷害對選手之運動生涯影響甚鉅，選手因傷勢過重只能退役之情況頻傳，僅發放一次性之慰問金，顯對運動員之保障不足，為使運動員能無後顧之憂，全心投入培訓及賽事，爰擬具「國民體育法第二十三條條文修正草案」，增訂應提供因培訓或參加賽事以致短期失能、身心障礙選手及隊職員，後續醫療照顧與就業輔導服務。是否有當？敬請公決。 
4902,6,國民體育法第七條條文修正草案,2022/9/23,2022/9/23,交付審查,0,0,0,0,鄭麗文,,,,,,,,,,,,,,,,,,,,,曾銘宗,游毓蘭,萬美玲,楊瓊瓔,吳怡玎,張育美,洪孟楷,溫玉霞,陳雪生,徐志榮,鄭正鈐,吳斯懷,魯明哲,廖婉汝,翁重鈞,謝衣鳯,林文瑞,,,,,,,,,,,,,,,,,,,,,,,,,,,,,,,,,,,,,,,,,,,,,,國民體育法第七條條文修正草案,本院委員鄭麗文等 18 人，鑒於聯合國在 2006 年通過「身心障礙權利公約」，其公約第一條宗旨係促進、保障與確保所有身心障礙者充分及平等享有所有人權及基本自由，並促進對身心障礙者固有尊嚴之尊重。然「國民體育法」對於身心障礙者參與體育活動方面仍未臻完善，以至於運動設施、場所、器材之設置以及相關政策擬定均未納入身心障礙者意見與需求，且現行條文亦未規定於政策制定時，應邀請身心障礙者之團體及代表參與，實際聽取身心障礙者需求，導致政策制定時易忽略身心障礙者權益，使其參與體育活動時產生困難，為保障身心障礙者權益，爰擬具「國民體育法第七條條文修正草案」，增訂中央主管機關制定全國體育發展政策時，應邀請身心障礙者團體或代表參與。是否有當？敬請公決。 
4969,6,身心障礙者權益保障法第十條條文修正草案,2022/9/30,2022/12/15,委員會審查,0,0,1,0,黃國書,許智傑,,,,,,,,,,,,,,,,,,,,羅美玲,吳玉琴,羅致政,謝衣鳯,張廖萬堅,莊瑞雄,林思銘,李德維,邱顯智,陳歐珀,洪申翰,江永昌,吳思瑤,陳椒華,王美惠,,,,,,,,,,,,,,,,,,,,,,,,,,,,,,,,,,,,,,,,,,,,,,,,身心障礙者權益保障法第十條條文修正草案,本院委員黃國書、許智傑等 17 人，為保障身心障礙者積極參與相關立法及政策決策過程之機會，爰擬具「身心障礙者權益保障法第十條條文修正草案」，明定主管機關應成立身心障礙者權益保障小組，並調整其代表組成比例，以落實《身心障礙者權利公約》之精神。是否有當？敬請公決。 
4977,6,身心障礙者權益保障法部分條文修正草案,2022/12/9,2022/12/15,委員會審查,0,0,1,0,張育美,,,,,,,,,,,,,,,,,,,,,廖國棟,曾銘宗,林思銘,孔文吉,吳斯懷,游毓蘭,溫玉霞,李德維,鄭正鈐,廖婉汝,魯明哲,徐志榮,洪孟楷,鄭天財,謝衣鳯,,,,,,,,,,,,,,,,,,,,,,,,,,,,,,,,,,,,,,,,,,,,,,,,身心障礙者權益保障法部分條文修正草案,本院委員張育美等 16 人，有鑑於身心障礙者權益保障法自九十六年七月三十一日修正公布現行名稱及全文以來，歷經十次修正，最近一次為一百一十年一月二十日修正公布。考量我國於一百零六年進行身心障礙者權利公約初次國家報告國際審查，為回應國際審查委員之結論性意見，並落實身心障礙者權利公約之精神，爰擬具「身心障礙者權益保障法部分條文修正草案」。是否有當？敬請公決。 
4995,6,教育人員任用條例部分條文修正草案,2023/1/9,2023/1/9,交付審查,0,0,0,0,伍麗華,,,,,,,,,,,,,,,,,,,,,林宜瑾,高嘉瑜,蔡易餘,沈發惠,邱議瑩,李昆澤,張宏陸,吳琪銘,莊競程,莊瑞雄,蘇巧慧,范雲,吳思瑤,邱泰源,湯蕙禎,何欣純,吳秉叡,王美惠,陳秀寳,鍾佳濱,,,,,,,,,,,,,,,,,,,,,,,,,,,,,,,,,,,,,,,,,,,教育人員任用條例部分條文修正草案,本院委員伍麗華 Saidhai Tahovecahe 等 21 人，為符合身心障礙者權利公約，消除對於身心障礙者之歧視性對待，並為避免涉及有關教師之任用限制等相關規定與教師法有所扞格，以及檢討有關教育人員之解聘、免職及消極資格等相關規定，並配合一百零九年六月三十日修正施行之教師法，爰擬具「教育人員任用條例部分條文」修正草案。是否有當？敬請公決。 
5000,6,性侵害犯罪防治法部分條文修正草案,2022/12/23,2023/1/10,三讀,1,1,1,0,張育美,,,,,,,,,,,,,,,,,,,,,廖國棟,曾銘宗,吳斯懷,游毓蘭,廖婉汝,洪孟楷,孔文吉,李德維,鄭正鈐,溫玉霞,林思銘,徐志榮,鄭天財,謝衣鳯,魯明哲,,,,,,,,,,,,,,,,,,,,,,,,,,,,,,,,,,,,,,,,,,,,,,,,性侵害犯罪防治法部分條文修正草案,本院委員張育美等 16 人，有鑒於近年來網路資訊科技及人工智慧技術之運用快速發展，未經同意散布、以電腦合成或其他科技方法製作他人不實性影像等新型態性侵害犯罪案件迭生；網路業者如「經舉報」得知有性侵害犯罪嫌疑情事，亦應採取應對措施。另依據兒童權利公約及身心障礙者權利公約規定，須賦予未成年人及成年人身心障礙者表意權，修正相關規範及罰則，並增訂專業人士辦理協助兒童或心智障礙者性侵害案件詢（訊）問之相關規定。爰擬具「性侵害犯罪防治法部分條文修正草案」。是否有當？敬請公決。 
5008,6,身心障礙者權益保障法第十條條文修正草案,2022/9/30,2022/12/15,委員會審查,0,0,1,0,謝衣鳯,,,,,,,,,,,,,,,,,,,,,林文瑞,鄭正鈐,林為洲,孔文吉,鄭麗文,賴士葆,張育美,游毓蘭,廖婉汝,吳斯懷,林德福,溫玉霞,林思銘,萬美玲,陳玉珍,,,,,,,,,,,,,,,,,,,,,,,,,,,,,,,,,,,,,,,,,,,,,,,,身心障礙者權益保障法第十條條文修正草案,本院委員謝衣鳯等 16 人，為落實《身心障礙者權利公約》之精神，爰擬具「身心障礙者權益保障法第十條條文修正草案」，增訂主管機關應成立身心障礙者權益保障小組，並定期召開會議之規定；同時為促進身心障礙者參與相關立法及決策過程，明定身心障礙者代表、學者專家、民間相關機構及團體代表之人數不得少於總數二分之一，其中身心障礙者代表人數不得少於二分之一。是否有當？敬請公決。 
5105,6,性侵害犯罪防治法第十二條及第十八條條文修正草案,2022/10/7,2023/1/10,三讀,1,1,1,0,洪孟楷,,,,,,,,,,,,,,,,,,,,,曾銘宗,鄭天財,溫玉霞,徐志榮,林思銘,林文瑞,鄭正鈐,賴士葆,孔文吉,廖婉汝,李德維,陳雪生,游毓蘭,陳玉珍,翁重鈞,吳斯懷,,,,,,,,,,,,,,,,,,,,,,,,,,,,,,,,,,,,,,,,,,,,,,,性侵害犯罪防治法第十二條及第十八條條文修正草案,本院委員洪孟楷等 17 人，有鑑於為落實性侵害犯罪被害人個人資料保護與意見表達權益，爰擬具「性侵害犯罪防治法第十二條及第十八條條文修正草案」，增訂因性侵害犯罪衍生之其他訴訟，可經被害人或其法定代理人請求後所準用個資保密與審判不公開等相關規範，並強化兒童和身心障礙者被害人於審判過程中行使自由表達及意見自由權利之保障。是否有當？敬請公決。 
5115,6,身心障礙者權益保障法部分條文修正草案,2022/12/9,2022/12/15,委員會審查,0,0,1,0,林宜瑾,何志偉,,,,,,,,,,,,,,,,,,,,王美惠,湯蕙禎,洪申翰,陳秀寳,吳秉叡,蘇巧慧,何欣純,許智傑,周春米,張宏陸,范雲,吳玉琴,林楚茵,吳思瑤,沈發惠,邱議瑩,張廖萬堅,莊競程,賴品妤,,,,,,,,,,,,,,,,,,,,,,,,,,,,,,,,,,,,,,,,,,,,身心障礙者權益保障法部分條文修正草案,本院委員林宜瑾、何志偉等 21 人，鑒於保障身心障礙者權益、落實《身心障礙者權利公約施行法》，並回應當前社會需求，爰修正「身心障礙者權益保障法」部分條文，以實務經驗為基礎進行改良，除促進我國無障礙空間的進一步完善外，也讓本法相關規範得以與時俱進，更合於平權原則並顧及各色差異與需求。是否有當？敬請公決。 
5122,6,身心障礙者權益保障法部分條文修正草案,2022/12/9,2022/12/15,委員會審查,0,0,1,0,楊瓊瓔,,,,,,,,,,,,,,,,,,,,,孔文吉,費鴻泰,吳怡玎,賴士葆,鄭麗文,游毓蘭,吳斯懷,林思銘,徐志榮,林德福,溫玉霞,廖婉汝,馬文君,魯明哲,羅明才,陳以信,李德維,,,,,,,,,,,,,,,,,,,,,,,,,,,,,,,,,,,,,,,,,,,,,,身心障礙者權益保障法部分條文修正草案,"本院委員楊瓊瓔等 18 人，有鑑於「身心障礙者權益保障法」自 96 年 7 月 11 日修正公布後，歷經十次修正。惟經統計，截至 108 年 12 月底為止，我國身心障礙人口數已達 118 萬6,740 人，又自 107 年起臺灣已正式邁入高齡社會，除大眾運輸工具應將身心障礙者及行動不便長者之需求納入考量外，無障礙交通設施及非屬大眾運輸工具，例如載運輪椅使用者車輛（俗稱福祉車）所提供之無障礙運輸服務，亦需求殷切。且資訊科技快速發展與通訊設備不斷推陳出新，新式設備如智慧型手機缺乏補助法源依據，將不利於身心障礙者獲取資訊之近便性。為使身心障礙者能夠獨立生活及完整參與生活各個方面，無障礙地進出物理環境，使用交通工具，利用資訊及通訊傳播，以及享有於都市與鄉村地區向公眾開放或提供之其他設施及服務，爰擬具「身心障礙者權益保障法部分條文修正草案」，維護身心障礙者權益及加強身心障礙者人身安全保護。是否有當？敬請公決。 "
5151,6,身心障礙者權益保障法第二條及第五十三條條文修正草案,2022/10/7,2022/12/15,委員會審查,0,0,1,0,陳明文,王美惠,陳亭妃,,,,,,,,,,,,,,,,,,,邱志偉,羅致政,張廖萬堅,林楚茵,邱泰源,江永昌,羅美玲,鍾佳濱,吳玉琴,蔡易餘,余天,蘇治芬,湯蕙禎,陳素月,,,,,,,,,,,,,,,,,,,,,,,,,,,,,,,,,,,,,,,,,,,,,,,,,身心障礙者權益保障法第二條及第五十三條條文修正草案,本院委員陳明文、王美惠、陳亭妃等 17 人，為落實身心障礙者權利公約精神，確保身心障礙者之無障礙交通設施及運輸服務需求，爰擬具「身心障礙者權益保障法」第二條及第五十三條條文修正草案。是否有當？敬請公決。 
5163,6,全國性公民投票不在籍投票法草案,2022/10/14,2022/10/14,逕付二讀,0,1,1,0,溫玉霞,,,,,,,,,,,,,,,,,,,,,吳斯懷,吳怡玎,李德維,翁重鈞,陳玉珍,洪孟楷,張育美,李貴敏,魯明哲,鄭正鈐,曾銘宗,賴士葆,馬文君,游毓蘭,陳雪生,鄭天財,林文瑞,,,,,,,,,,,,,,,,,,,,,,,,,,,,,,,,,,,,,,,,,,,,,,全國性公民投票不在籍投票法草案,本院委員溫玉霞等 18 人，為落實中華民國憲法第十七條保障人民選舉、罷免、創制、複決之基本權利，以確保人民參政權，不因在外求學工作，或因為疾病、身心障礙、生產或受傷不良於行等種種因素，或因為人民在境外工作生活無法返回戶籍地投票，因而喪失投票的基本權利，應全面實施不在籍投票，考量容易施行，應速由全國性公民投票施行不在籍投票，爰擬具「全國性公民投票不在籍投票法」草案。是否有當？敬請公決。 
5165,6,總統副總統選舉罷免法第十三條條文修正草案,2022/10/14,2022/10/14,交付審查,0,0,0,0,溫玉霞,,,,,,,,,,,,,,,,,,,,,張育美,吳斯懷,曾銘宗,洪孟楷,吳怡玎,陳玉珍,鄭天財,李德維,鄭正鈐,魯明哲,馬文君,游毓蘭,翁重鈞,賴士葆,李貴敏,林文瑞,陳雪生,,,,,,,,,,,,,,,,,,,,,,,,,,,,,,,,,,,,,,,,,,,,,,總統副總統選舉罷免法第十三條條文修正草案,本院委員溫玉霞等 18 人，鑒於總統、副總統選舉乃是國之大事，一般稱為大選，人民的投票意願最高，投票行為最為踴躍。但是有許多人民因為離鄉背井，求學工作，或因為疾病、身心障礙，或因為生產或受傷不良於行，或因為在國外工作求學等種種因素，於投票日無法返回戶籍地投票，而喪失投票的基本權利，因此有必要實施不在籍投票，以保障人民的參政權利，爰擬具「總統副總統選舉罷免法第十三條條文修正草案」。是否有當？敬請公決。 
5171,6,中華民國憲法增修條文第四條及第十條條文修正草案,2022/10/14,2022/10/14,交付審查,0,0,0,0,林為洲,游毓蘭,黃國書,高虹安,楊瓊瓔,,,,,,,,,,,,,,,,,蔡壁如,林德福,洪孟楷,鄭麗文,謝衣鳯,陳超明,萬美玲,李德維,林思銘,吳斯懷,鄭正鈐,羅明才,陳玉珍,孔文吉,曾銘宗,張其祿,吳怡玎,許淑華,溫玉霞,呂玉玲,鄭天財,魯明哲,徐志榮,林文瑞,陳椒華,陳雪生,,,,,,,,,,,,,,,,,,,,,,,,,,,,,,,,,,,,,中華民國憲法增修條文第四條及第十條條文修正草案,本院委員林為洲、游毓蘭、黃國書、高虹安、楊瓊瓔等 31 人，鑑於我國於 103 年 8 月 1 日三讀通過《身心障礙者權利公約施行法》，經總統公布於同年 12月3日正式實施，自此身心障礙者權利公約於我國已具有內國法之效力。而依據公約之精神，確保身心障礙者在與他人平等之基礎上享有各項基本人權及基本自由，為使公約之精神能於憲法層次上獲得保障，自當將前揭身障公約之宗旨予以入憲。爰此，特擬具「中華民國憲法增修條文第四條及第十條條文修正草案」。是否有當？敬請公決。 
5195,6,身心障礙者權益保障法第五十三條條文修正草案,2022/10/14,2022/12/15,委員會審查,0,0,1,0,馬文君,,,,,,,,,,,,,,,,,,,,,江啟臣,鄭天財,林思銘,傅崐萁,溫玉霞,游毓蘭,楊瓊瓔,曾銘宗,鄭正鈐,林德福,張育美,陳玉珍,李德維,廖婉汝,吳斯懷,,,,,,,,,,,,,,,,,,,,,,,,,,,,,,,,,,,,,,,,,,,,,,,,身心障礙者權益保障法第五十三條條文修正草案,本院委員馬文君等 16 人，鑑於國內對未提供對號座之大眾運輸工具，依據「身心障礙者權益保障法」應設置供身心障礙者及老弱婦孺優先乘坐之博愛座，惟忽略了有隱性需求者（懷孕初期的孕婦、有衣物包覆傷口、突感身體不適），導致乘坐博愛座遭致「視覺審判」，基此，爰擬具「身心障礙者權益保障法第五十三條條文修正草案」，將「有其他實際需要者」納入乘坐博愛座，以擴大優先乘坐之對象。是否有當？敬請公決。 
5198,6,技師法第十一條條文修正草案,2022/10/14,2022/10/14,交付審查,0,0,0,0,林俊憲,林宜瑾,,,,,,,,,,,,,,,,,,,,何欣純,許智傑,陳素月,賴惠員,陳秀寳,邱泰源,莊競程,蔡易餘,江永昌,林昶佐,張廖萬堅,高嘉瑜,伍麗華,蘇巧慧,陳瑩,,,,,,,,,,,,,,,,,,,,,,,,,,,,,,,,,,,,,,,,,,,,,,,,技師法第十一條條文修正草案,本院委員林俊憲、林宜瑾等 17 人，有鑑於現行技師法條文尚存在「罹患精神疾病或身心狀況違常」之歧視性用語，明顯有違聯合國身心障礙者權利公約（CRPD）消除歧視之精神，爰擬具「技師法第十一條條文修正草案」，刪除相關歧視性之文字。是否有當？敬請公決。 
5232,6,就業服務法第五十二條條文修正草案,2022/12/16,2022/12/16,交付審查,0,0,0,0,鄭麗文,,,,,,,,,,,,,,,,,,,,,陳雪生,賴士葆,鄭正鈐,鄭天財,曾銘宗,溫玉霞,傅崐萁,吳斯懷,李德維,林奕華,游毓蘭,陳玉珍,吳怡玎,洪孟楷,林文瑞,,,,,,,,,,,,,,,,,,,,,,,,,,,,,,,,,,,,,,,,,,,,,,,,就業服務法第五十二條條文修正草案,本院委員鄭麗文等 16 人，鑒於就業服務法規定外籍家庭看護工在我國境內工作時間累計上限不得超過十四年，然在被看護者，如老年人、身心障礙者等有長期照護需求之家庭，在受看護期間與外籍家庭看護工已培養深厚默契，卻限於就業服務法規定，須於家庭看護工作十四年期滿時重新聘請新任看護，在照護空窗期及適應無疑是被照護者一大衝擊，為考量社會需求，爰提出「就業服務法第五十二條條文修正草案」，延長外籍看護之工作年限，將外籍看護工之工作年限延長至二十年。是否有當？敬請公決。 
5233,6,就業服務法第五十八條條文修正草案,2022/12/9,2023/4/21,三讀,1,1,1,0,鄭麗文,,,,,,,,,,,,,,,,,,,,,陳雪生,鄭正鈐,賴士葆,鄭天財,曾銘宗,傅崐萁,游毓蘭,吳怡玎,林文瑞,吳斯懷,李德維,陳玉珍,溫玉霞,洪孟楷,林奕華,,,,,,,,,,,,,,,,,,,,,,,,,,,,,,,,,,,,,,,,,,,,,,,,就業服務法第五十八條條文修正草案,本院委員鄭麗文等 16 人，鑒於現行法律規定外籍移工在聘僱許可有效期間，因不可歸責於雇主之原因逃逸或是在臺行蹤不明時，雇主通知相關單位滿六個月未尋獲者，雇主得申請遞補，然聘僱外籍移工從事家庭照護工作者，其行蹤不明或是逃逸時，雇主須於通知相關機關後，等待三個月才能再次申請遞補，然有些家庭急需外籍移工協助看護失能者及身心障礙者，其空窗期將造成雇主沉重負擔，移工逃逸情形層出不窮，其等待候補期間更是助長黑市人力市場熱絡。爰此，擬具「就業服務法第五十八條條文修正草案」，縮短雇主再次申請外籍移工之等待期間。是否有當？敬請公決。 
5242,6,身心障礙者權益保障法增訂第八十三條之一條文草案,2022/10/28,2022/12/15,委員會審查,0,0,1,0,林楚茵,許智傑,林宜瑾,賴品妤,,,,,,,,,,,,,,,,,,莊競程,鍾佳濱,賴惠員,王美惠,吳思瑤,林靜儀,蔡易餘,羅美玲,陳素月,吳玉琴,郭國文,伍麗華,陳明文,,,,,,,,,,,,,,,,,,,,,,,,,,,,,,,,,,,,,,,,,,,,,,,,,,身心障礙者權益保障法增訂第八十三條之一條文草案,本院委員林楚茵、許智傑、林宜瑾、賴品妤等 17 人，為保障身心障礙者購買保險之權益，並符合金融服務公平待客原則，爰增訂「身心障礙者權益保障法」第八十三條之一條文草案。是否有當？敬請公決。 
5294,6,身心障礙者權益保障法部分條文修正草案,2022/12/9,2022/12/15,委員會審查,0,0,1,0,吳玉琴,蘇治芬,賴瑞隆,賴品妤,,,,,,,,,,,,,,,,,,林楚茵,趙天麟,張宏陸,黃世杰,何欣純,陳歐珀,王美惠,范雲,林淑芬,江永昌,林宜瑾,邱志偉,管碧玲,吳琪銘,,,,,,,,,,,,,,,,,,,,,,,,,,,,,,,,,,,,,,,,,,,,,,,,,身心障礙者權益保障法部分條文修正草案,本院委員吳玉琴、蘇治芬、賴瑞隆、賴品妤等 18 人，為維護入住身心障礙福利機構者之權益及加強身心障礙者保護，爰提具「身心障礙者權益保障法」部分條文修正草案。是否有當？敬請公決。 
5318,6,身心障礙者權益保障法部分條文修正草案,2022/12/9,2022/12/15,委員會審查,0,0,1,0,林昶佐,莊瑞雄,,,,,,,,,,,,,,,,,,,,陳亭妃,吳秉叡,范雲,羅美玲,劉世芳,邱議瑩,林宜瑾,邱泰源,蘇治芬,蔡易餘,陳瑩,陳明文,王美惠,江永昌,,,,,,,,,,,,,,,,,,,,,,,,,,,,,,,,,,,,,,,,,,,,,,,,,身心障礙者權益保障法部分條文修正草案,本院委員林昶佐、莊瑞雄等 16 人，為落實身心障礙者權利公約中「無障礙」、「合理之對待」、「通用設計」之精神，以保障與確保所有身心障礙者充分及平等享有所有人權及基本自由，並促進對身心障礙者固有尊嚴之尊重。爰擬具「身心障礙者權益保障法部分條文修正草案」。是否有當？敬請公決。 
5326,6,公務人員考績法第十五條條文修正草案,2022/11/11,2022/11/11,交付審查,0,0,0,0,管碧玲,邱志偉,許智傑,鍾佳濱,蘇治芬,,,,,,,,,,,,,,,,,王美惠,賴惠員,林岱樺,邱議瑩,張宏陸,羅致政,羅美玲,林宜瑾,李昆澤,吳琪銘,劉世芳,邱泰源,黃世杰,蔡易餘,陳秀寳,陳明文,范雲,吳玉琴,江永昌,趙天麟,伍麗華,,,,,,,,,,,,,,,,,,,,,,,,,,,,,,,,,,,,,,,,,,公務人員考績法第十五條條文修正草案,本院委員管碧玲、邱志偉、許智傑、鍾佳濱、蘇治芬等 26 人，針對身心障礙公務人員長年來考績遠低於全體公務人員，其考績考列甲等比率約 6 成左右，明顯不及全體公務人員約75%之比率，另伴隨障礙程度越高，考績甲等比率越低，極重度身心障礙者公務員更僅有五成多。由此可知，政府對於身心障礙公務人員的考績評核，顯然還存有歧視情形，並未根據其特殊狀況而給予更合理的評量。為讓身心障礙者權益更符合聯合國身心障礙者權利公約（CRPD），爰擬具「公務人員考績法」第十五條條文修正草案，規定各機關考績委員會應有一人以上之身心障礙者代表。同時由於性別保障屬於人民的權利，應受法律的保障，因此特別將考績委員會性別保障比例，由考績委員會組織規程提升至此次法律修正草案中。是否有當？敬請公決。 
5395,6,身心障礙者權益保障法部分條文修正草案,2022/12/9,2022/12/15,委員會審查,0,0,1,0,蘇巧慧,林宜瑾,莊競程,邱泰源,吳玉琴,賴瑞隆,吳秉叡,張宏陸,李昆澤,,,,,,,,,,,,,蔡易餘,管碧玲,湯蕙禎,羅美玲,羅致政,蘇治芬,范雲,吳琪銘,陳歐珀,陳明文,王定宇,沈發惠,邱議瑩,何欣純,賴品妤,陳秀寳,鍾佳濱,林昶佐,陳亭妃,許智傑,趙天麟,,,,,,,,,,,,,,,,,,,,,,,,,,,,,,,,,,,,,,,,,,身心障礙者權益保障法部分條文修正草案,本院委員蘇巧慧、林宜瑾、莊競程、邱泰源、吳玉琴、賴瑞隆、吳秉叡、張宏陸、李昆澤等 30 人，為落實身心障礙者權利公約精神，及維護入住身心障礙福利機構者之權益及加強其人身安全保護，爰擬具「身心障礙者權益保障法部分條文修正草案」。是否有當？敬請公決。 
5439,6,身心障礙者權益保障法部分條文修正草案,2022/12/9,2022/12/15,委員會審查,0,0,1,0,徐志榮,陳以信,,,,,,,,,,,,,,,,,,,,呂玉玲,林昶佐,張育美,江啟臣,李德維,曾銘宗,馬文君,吳怡玎,張其祿,林奕華,林思銘,吳斯懷,洪孟楷,林岱樺,鄭正鈐,溫玉霞,萬美玲,廖婉汝,費鴻泰,,,,,,,,,,,,,,,,,,,,,,,,,,,,,,,,,,,,,,,,,,,,身心障礙者權益保障法部分條文修正草案,本院委員徐志榮、陳以信等 21 人，有鑑於社會進步快速，原身心障礙權益保障法對保障身心障礙者權益，已然不足，且綜整第一次及第二次國際審查意見，可見我國對於身心障礙者之權益保障遠落後國際標準。為落實並符合國際審查委員所提之結論性意見，落實聯合國身心障礙者權利公約（以下簡稱身權公約）平權，以及聯合國永續發展（SDGs）目標，以促使身心障礙者及其家人有尊嚴地享有自由、平等，無礙的社區生活，爰擬具身心障礙者權益保障法部分條文修正草案。是否有當？敬請公決。 
5455,6,身心障礙者權益保障法部分條文修正草案,2022/12/9,2022/12/15,委員會審查,0,0,1,0,游毓蘭,楊瓊瓔,,,,,,,,,,,,,,,,,,,,鄭麗文,林思銘,洪孟楷,翁重鈞,林文瑞,魯明哲,林奕華,孔文吉,廖婉汝,謝衣鳯,賴士葆,趙正宇,曾銘宗,鄭正鈐,,,,,,,,,,,,,,,,,,,,,,,,,,,,,,,,,,,,,,,,,,,,,,,,,身心障礙者權益保障法部分條文修正草案,本院委員游毓蘭、楊瓊瓔等 16 人，鑑於社會快速進步，現行《身心障礙權益保障法》對身心障礙者之保障，儼然不足；另鑑於第一次及第二次「身心障礙者權利公約」國家報告國際審查會議之審查委員意見，並依聯合國永續發展（SDGs）目標，落實聯合國《身心障礙者權利公約》之精神與訴求，為促進身心障礙者及其家人有尊嚴地享有自由、平等、無礙的生活，爰擬具「身心障礙者權益保障法部分條文修正草案」。是否有當？敬請公決。 
5471,6,身心障礙者權益保障法部分條文修正草案,2022/12/9,2022/12/15,委員會審查,0,0,1,0,莊競程,陳亭妃,,,,,,,,,,,,,,,,,,,,許智傑,吳玉琴,黃秀芳,洪申翰,莊瑞雄,吳秉叡,賴品妤,林楚茵,陳秀寳,王美惠,邱泰源,蘇巧慧,何欣純,鍾佳濱,江永昌,張廖萬堅,陳歐珀,,,,,,,,,,,,,,,,,,,,,,,,,,,,,,,,,,,,,,,,,,,,,,身心障礙者權益保障法部分條文修正草案,本院委員莊競程、陳亭妃等 19 人，為落實身心障礙者權利公約施行法及身心障礙者權利公約之精神，保障身心障礙者之權利及安全，我國相關身心障礙者政策之推動及身心障礙服務機構之管理均有精進之必要，爰擬具「身心障礙者權益保障法部分條文修正草案」。是否有當？敬請公決。 
5473,6,身心障礙者權益保障法部分條文修正草案,2022/12/9,2022/12/15,委員會審查,0,0,1,0,洪申翰,林宜瑾,李昆澤,許智傑,,,,,,,,,,,,,,,,,,管碧玲,林楚茵,陳瑩,郭國文,吳秉叡,王定宇,莊瑞雄,邱議瑩,蘇治芬,江永昌,吳思瑤,周春米,張廖萬堅,,,,,,,,,,,,,,,,,,,,,,,,,,,,,,,,,,,,,,,,,,,,,,,,,,身心障礙者權益保障法部分條文修正草案,本院委員洪申翰、林宜瑾、李昆澤、許智傑等 17 人，有鑑於身心障礙者權益保障法最近一次係於一百十年一月二十日修正公布。一百零六年我國進行身心障礙者權利公約初次國家報告國際審查，為回應國際審查委員所提之結論性意見，落實身心障礙者權利公約精神，另因應身心障礙者需求、維護身心障礙者人身安全及以身心障礙者為主體調整修法，爰擬具「身心障礙者權益保障法部分條文修正草案」。是否有當？敬請公決。 
5483,6,身心障礙者權益保障法部分條文修正草案,2022/12/9,2022/12/15,委員會審查,0,0,1,0,范雲,莊瑞雄,伍麗華,吳秉叡,李昆澤,,,,,,,,,,,,,,,,,邱議瑩,余天,江永昌,吳思瑤,張宏陸,沈發惠,林楚茵,陳素月,賴品妤,吳玉琴,陳秀寳,邱志偉,邱泰源,蔡易餘,鍾佳濱,何欣純,林岱樺,管碧玲,湯蕙禎,,,,,,,,,,,,,,,,,,,,,,,,,,,,,,,,,,,,,,,,,,,,身心障礙者權益保障法部分條文修正草案,本院委員范雲、莊瑞雄、伍麗華 Saidhai Tahovecahe、吳秉叡、李昆澤等 24 人，有鑑於身心障礙者權益保障法已有十五年未大幅修正，許多條文皆已不符現今人權標準。又我國身心障礙者權利公約國家報告經國際審查後，國際審查委員亦指出多項條文應修正。為落實國際公約中所規範禁止歧視、合理調整、個人協助、社區居住等重要概念，以及確保身心障礙者享有公平審判、近用司法、人身自由、安全、尊嚴對待的權利，爰擬具「身心障礙者權益保障法部分條文修正草案」。是否有當？敬請公決。 
5489,6,身心障礙者權益保障法部分條文修正草案,2022/12/9,2022/12/15,委員會審查,0,0,1,0,林為洲,林思銘,,,,,,,,,,,,,,,,,,,,翁重鈞,廖國棟,廖婉汝,溫玉霞,李德維,鄭天財,陳雪生,鄭麗文,林文瑞,曾銘宗,費鴻泰,吳斯懷,馬文君,吳怡玎,鄭正鈐,徐志榮,萬美玲,游毓蘭,陳玉珍,魯明哲,張育美,呂玉玲,謝衣鳯,,,,,,,,,,,,,,,,,,,,,,,,,,,,,,,,,,,,,,,,身心障礙者權益保障法部分條文修正草案,本院委員林為洲、林思銘等 25 人，鑒於身心障礙者權益保障法（原名稱為身心障礙者保護法）自民國 96 年 7 月 11 日修正公布迄今已逾 15 年未進行大幅度修正，社會風氣與過往相比，已截然不同，舊時法條顯不合時宜。為落實身心障礙者權利公約（CRPD）精神，強化身心障礙者保護機制，建立友善共融社會環境，讓身心障礙者能獨立生活，並且更有尊嚴地於社會中享有基本自由充分、平等享有，促進身心障礙者固有的尊嚴與尊重。爰擬具「身心障礙者權益保障法部分條文修正草案」。是否有當？敬請公決。 
5499,6,身心障礙者權益保障法第五十六條條文修正草案,2022/12/9,2022/12/15,委員會審查,0,0,1,0,陳以信,,,,,,,,,,,,,,,,,,,,,鄭天財,李貴敏,魯明哲,陳超明,林奕華,吳欣盈,張其祿,陳椒華,張育美,黃國書,賴香伶,吳怡玎,萬美玲,王婉諭,高金素梅,曾銘宗,呂玉玲,,,,,,,,,,,,,,,,,,,,,,,,,,,,,,,,,,,,,,,,,,,,,,身心障礙者權益保障法第五十六條條文修正草案,本院委員陳以信等 18 人，鑒於身心障礙者常有使用特殊交通工具之需求，外出時若無適當停車處所，等同剝奪身心障礙者自由移動之權利。目前雖已規定公共停車場應保留百分之二的身心障礙停車位，惟此比例明顯不足，爰此擬具「身心障礙者權益保障法」第五十六條條文修正草案，調整公共停車場身心障礙停車格之比例。是否有當？敬請公決。 
5501,6,身心障礙者權益保障法部分條文修正草案,2022/12/9,2022/12/15,委員會審查,0,0,1,1,吳欣盈,賴香伶,張其祿,高虹安,邱臣遠,,,,,,,,,,,,,,,,,,,,,,,,,,,,,,,,,,,,,,,,,,,,,,,,,,,,,,,,,,,,,,,,,,,,,,,,,,,,,,,身心障礙者權益保障法部分條文修正草案,"本院台灣民眾黨黨團，有鑑於聯合國身心障礙者權利公約（Convention on the Rights of Persons with Disabilities, CRPD）及我國身心障礙者權益保障法（簡稱身權法）宗旨，支持障礙者充分參與、自由有尊嚴地融入社區。惟我國現行法制，過於偏重機構化，並未將資源從機構移轉至社區居住、個人協助，恐違反2017年、2022年CRPD國際審查結論性建議，爰提出「身心障礙者權益保障法部分條文修正草案」。是否有當？敬請公決。 "
5509,6,身心障礙者權益保障法部分條文修正草案,2022/12/9,2022/12/15,委員會審查,0,0,1,1,邱顯智,陳椒華,王婉諭,,,,,,,,,,,,,,,,,,,,,,,,,,,,,,,,,,,,,,,,,,,,,,,,,,,,,,,,,,,,,,,,,,,,,,,,,,,,,,,,,身心障礙者權益保障法部分條文修正草案,本院時代力量黨團，鑑於本法已逾十五年未修正，恐不符身心障礙者現今醫療、居住、就業等生活需求，為確保身心障礙者在與非障礙者平等的基礎上，自主、有尊嚴且不被排除地生活於之基本權利，爰擬具「身心障礙者權益保障法部分條文修正草案」。是否有當？敬請公決。 
5512,6,國民體育法第二十三條條文修正草案,2022/12/16,2022/12/16,交付審查,0,0,0,0,鄭麗文,,,,,,,,,,,,,,,,,,,,,吳斯懷,鄭正鈐,游毓蘭,溫玉霞,費鴻泰,林思銘,廖婉汝,吳怡玎,萬美玲,翁重鈞,林文瑞,李德維,曾銘宗,鄭天財,馬文君,張育美,,,,,,,,,,,,,,,,,,,,,,,,,,,,,,,,,,,,,,,,,,,,,,,國民體育法第二十三條條文修正草案,本院委員鄭麗文等 17 人，鑒於國家代表隊培訓選手及隊職員在訓練及參賽期間如有嚴重運動傷害，運動員只能選擇退役之情況頻傳，且政府僅發放一次慰問金，對於運動員之保障顯然不足，為使運動員在訓練及參賽期間能無後顧之憂，爰擬具「國民體育法第二十三條條文修正草案」，提供在訓練及參賽期間致短期失能、身心障礙之運動員，提供完善後續醫療照顧及轉職輔導。是否有當？敬請公決。 
5513,6,就業服務法第五十二條條文修正草案,2022/12/16,2022/12/16,交付審查,0,0,0,0,鄭麗文,游毓蘭,,,,,,,,,,,,,,,,,,,,吳斯懷,廖婉汝,李德維,鄭正鈐,費鴻泰,吳怡玎,萬美玲,溫玉霞,翁重鈞,曾銘宗,鄭天財,馬文君,林思銘,張育美,林文瑞,,,,,,,,,,,,,,,,,,,,,,,,,,,,,,,,,,,,,,,,,,,,,,,,就業服務法第五十二條條文修正草案,本院委員鄭麗文、游毓蘭等 17 人，鑑於就業服務法規定外籍家庭看護工在我國境內工作時間累計上限不得超過十四年，然在被看護者，如老年人、身心障礙者等有長期照護需求之家庭，在受看護期間與外籍家庭看護工已培養深厚默契，卻限於就業服務法規定，須於家庭看護工作十四年期滿時重新聘請新任看護，在照護空窗期及適應無疑是被照護者一大衝擊，且根據衛福部資料統計，因受到疫情影響，國內看護大缺工，嚴重影響我國家庭照護，為考量社會需求，爰提出「就業服務法第五十二條條文修正草案」，得延長外籍看護之工作年限以及展延，減輕被照護家庭之負擔。是否有當？敬請公決。 
5575,6,特殊教育法部分條文修正草案,2022/12/16,2023/5/29,三讀,1,1,1,1,王婉諭,邱顯智,陳椒華,,,,,,,,,,,,,,,,,,,,,,,,,,,,,,,,,,,,,,,,,,,,,,,,,,,,,,,,,,,,,,,,,,,,,,,,,,,,,,,,,特殊教育法部分條文修正草案,本院時代力量黨團，基於《身心障礙者權利公約》、《兒童權利公約》均揭示國家應確保身心障礙者及兒童有權就影響其自身之所有事物自由表示意見之精神，惟現行《特殊教育法》就特殊教育之發展、鑑定、需求評估等均未納入身心障礙及資賦優異學生之參與。為保障特殊教育學生之表意權及有效參與教育之機會，爰提出「特殊教育法部分條文修正草案」。是否有當？敬請公決。 
5582,6,總統副總統宣誓條例第五條條文修正草案,2022/12/23,2022/12/23,交付審查,0,0,0,0,賴品妤,王美惠,,,,,,,,,,,,,,,,,,,,林俊憲,江永昌,湯蕙禎,蘇巧慧,林靜儀,張宏陸,陳瑩,沈發惠,陳亭妃,莊瑞雄,蔡易餘,趙天麟,管碧玲,范雲,蔡適應,,,,,,,,,,,,,,,,,,,,,,,,,,,,,,,,,,,,,,,,,,,,,,,,總統副總統宣誓條例第五條條文修正草案,本院委員賴品妤、王美惠等 17 人，有鑑於多數民主國家以國旗作為向國家宣誓之信物標的。然台灣現行之《總統副總統宣誓條例》中除國旗外，亦要求就職者向特定政治領袖宣示，已不符新時代民主自由社會精神，且相關行為亦含有威權意涵，為去除威權行為、讓台灣逐步邁入正常之民主體制。另考量就職者之多元性，如身心障礙者因身體因素或其他正當理由無法依第一項之形式宣誓者，故增列第二項使宣誓人表達意思之方式不受侷限，以達成平權之目的。爰擬具「總統副總統宣誓條例第五條條文修正草案」。是否有當？敬請公決。 
5583,6,宣誓條例第五條條文修正草案,2022/12/23,2022/12/23,交付審查,0,0,0,0,賴品妤,王美惠,,,,,,,,,,,,,,,,,,,,林俊憲,江永昌,湯蕙禎,蘇巧慧,林靜儀,張宏陸,陳瑩,莊瑞雄,沈發惠,管碧玲,蔡易餘,陳亭妃,趙天麟,范雲,蔡適應,,,,,,,,,,,,,,,,,,,,,,,,,,,,,,,,,,,,,,,,,,,,,,,,宣誓條例第五條條文修正草案,本院委員賴品妤、王美惠等 17 人，有鑑於多數民主國家以國旗作為向國家宣誓之信物標的。然台灣現行之《宣誓條例》中除國旗外，亦要求就職者向特定政治領袖宣示，已不符新時代民主自由社會精神，且相關行為亦含有威權意涵，為去除威權行為、讓台灣逐步邁入正常之民主體制。另考量就職者之多元性，如身心障礙者因身體因素或其他正當理由無法依第一項之形式宣誓者，故增列第二項使宣誓人表達意思之方式不受侷限，以達成平權之目的。爰擬具「宣誓條例第五條條文修正草案」。是否有當？敬請公決。 
5676,6,身心障礙者權益保障法第三十條之二、第三十九條及第五十條之一條文修正草案,2022/12/23,2022/12/23,交付審查,0,0,0,0,洪申翰,林宜瑾,賴瑞隆,,,,,,,,,,,,,,,,,,,許智傑,吳秉叡,蔡適應,黃秀芳,何欣純,范雲,林楚茵,周春米,邱泰源,吳思瑤,吳玉琴,蘇巧慧,湯蕙禎,沈發惠,江永昌,林靜儀,,,,,,,,,,,,,,,,,,,,,,,,,,,,,,,,,,,,,,,,,,,,,,,身心障礙者權益保障法第三十條之二、第三十九條及第五十條之一條文修正草案,本院委員洪申翰、林宜瑾、賴瑞隆等 19 人，有鑑於身心障礙者權益保障法最近一次係於一百十年一月二十日修正公布。一百零六年我國進行身心障礙者權利公約初次國家報告國際審查，為回應國際審查委員所提之結論性意見，落實身心障礙者權利公約精神，另因應身心障礙者需求、維護身心障礙者人身安全及以身心障礙者為主體調整修法，爰擬具「身心障礙者權益保障法第三十條之二、第三十九條及第五十條之一條文修正草案」。是否有當？敬請公決。 
5689,6,總統副總統選舉罷免法第十一條及第一百十七條條文修正草案,2022/12/23,2022/12/23,交付審查,0,0,0,1,邱顯智,陳椒華,王婉諭,,,,,,,,,,,,,,,,,,,,,,,,,,,,,,,,,,,,,,,,,,,,,,,,,,,,,,,,,,,,,,,,,,,,,,,,,,,,,,,,,總統副總統選舉罷免法第十一條及第一百十七條條文修正草案,本院時代力量黨團，為擴大青年政治參與，促進世代間正義，並落實《身心障礙者權利公約》，爰擬具「總統副總統選舉罷免法第十一條及第一百十七條條文修正草案」，將選舉權之年齡限制下修至十八歲。是否有當？敬請公決。 
5690,6,公職人員選舉罷免法第十四條及第一百三十四條條文修正草案,2022/12/23,2022/12/23,交付審查,0,0,0,1,邱顯智,陳椒華,王婉諭,,,,,,,,,,,,,,,,,,,,,,,,,,,,,,,,,,,,,,,,,,,,,,,,,,,,,,,,,,,,,,,,,,,,,,,,,,,,,,,,,公職人員選舉罷免法第十四條及第一百三十四條條文修正草案,本院時代力量黨團，為擴大青年政治參與，促進世代間正義，並落實《身心障礙者權利公約》，爰擬具「公職人員選舉罷免法第十四條及第一百三十四條條文修正草案」，將選舉權之年齡限制下修至十八歲。是否有當？敬請公決。 
5696,6,法律扶助法第五十四條條文修正草案,2022/12/30,2022/12/30,交付審查,0,0,0,0,余天,邱志偉,蘇治芬,黃秀芳,劉建國,賴品妤,,,,,,,,,,,,,,,,鍾佳濱,陳明文,莊競程,張其祿,林靜儀,許智傑,蔡易餘,王美惠,張廖萬堅,陳秀寳,劉櫂豪,陳亭妃,,,,,,,,,,,,,,,,,,,,,,,,,,,,,,,,,,,,,,,,,,,,,,,,,,,法律扶助法第五十四條條文修正草案,本院委員余天、邱志偉、蘇治芬、黃秀芳、劉建國、賴品妤等 18 人，有鑑於法律扶助法之立法目的，係對於無法受到法律適當保護者，提供必要之法律扶助，以保障其權益。然現行條文第五十四條有關擔任法律扶助基金會董事或監察人之消極資格要件，卻訂有針對身心礙者之歧視性條款，明顯違反聯合國身心障礙者權利公約之意旨。為確保身心障礙者具有與其他人平等參與公共事務之權利，並採取適當措施消除基於身心障礙之歧視，爰擬具「法律扶助法第五十四條條文修正草案」。是否有當？敬請公決。
5728,6,優生保健法修正草案,2022/12/30,2022/12/30,交付審查,0,0,0,1,王婉諭,邱顯智,陳椒華,,,,,,,,,,,,,,,,,,,,,,,,,,,,,,,,,,,,,,,,,,,,,,,,,,,,,,,,,,,,,,,,,,,,,,,,,,,,,,,,,優生保健法修正草案,本院時代力量黨團，有鑑於憲法增修條文所定「國家應維護婦女之人格尊嚴，保障婦女之人身安全，消除性別歧視，促進兩性地位之實質平等」之意旨，以及落實「消除對婦女一切形式歧視公約」與司法改革國是會議之決議，爰刪除實施人工流產或結紮手術需經配偶同意之規定，使我國法律對於孕婦之基本人權不低於對配偶或胎兒之保護，改正性別人權之不平等，並為禁止所有基於身心障礙之歧視，以符身心障礙者權利公約之精神，擬具「優生保健法修正草案」，並將名稱修正為「生育保健法」。是否有當？敬請公決。 
5818,7,技師法第十一條條文修正草案,2023/3/3,2023/3/3,交付審查,0,0,0,1,賴香伶,張其祿,邱臣遠,吳欣盈,陳琬惠,,,,,,,,,,,,,,,,,,,,,,,,,,,,,,,,,,,,,,,,,,,,,,,,,,,,,,,,,,,,,,,,,,,,,,,,,,,,,,,技師法第十一條條文修正草案,本院台灣民眾黨黨團，鑑於為落實身心障礙者權利公約，保障身心障礙者工作權益，兼顧各類技師職業應具有專業判斷能力及簽證應負責任，衡量公共利益暨公共安全之維持，爰刪除歧視性文字，酌予修正，爰擬具「技師法第十一條條文修正草案」。是否有當？敬請公決。 
5819,7,公文程式條例第十三條條文修正草案,2023/3/3,2023/3/3,交付審查,0,0,0,1,賴香伶,張其祿,邱臣遠,吳欣盈,陳琬惠,,,,,,,,,,,,,,,,,,,,,,,,,,,,,,,,,,,,,,,,,,,,,,,,,,,,,,,,,,,,,,,,,,,,,,,,,,,,,,,公文程式條例第十三條條文修正草案,本院台灣民眾黨黨團，鑑於為確保各族群語言及身心障礙者使用語文及無障礙利用資訊之權利，爰擬具「公文程式條例第十三條條文修正草案」。是否有當？敬請公決。 
5836,7,身心障礙者權益保障法第六十九條條文修正草案,2023/3/3,2023/3/3,交付審查,0,0,0,0,湯蕙禎,,,,,,,,,,,,,,,,,,,,,黃國書,伍麗華,陳靜敏,陳素月,王美惠,吳琪銘,黃秀芳,羅美玲,賴品妤,莊瑞雄,蔡適應,吳玉琴,賴瑞隆,蘇治芬,鍾佳濱,,,,,,,,,,,,,,,,,,,,,,,,,,,,,,,,,,,,,,,,,,,,,,,,身心障礙者權益保障法第六十九條條文修正草案,本院委員湯蕙禎等 16 人，為減少「身心障礙者權益保障法」中有關義務採購單位「虛擬採購金額」情形。因此，爰提出「身心障礙者權益保障法」第六十九條條文修正草案。是否有當？敬請公決。 
5847,7,身心障礙者權益保障法第九十六條條文修正草案,2023/3/3,2023/3/3,交付審查,0,0,0,0,傅崐萁,林思銘,游毓蘭,,,,,,,,,,,,,,,,,,,陳雪生,吳怡玎,曾銘宗,林為洲,萬美玲,林文瑞,溫玉霞,鄭天財,魯明哲,吳斯懷,徐志榮,洪孟楷,陳玉珍,林德福,李德維,,,,,,,,,,,,,,,,,,,,,,,,,,,,,,,,,,,,,,,,,,,,,,,,身心障礙者權益保障法第九十六條條文修正草案,"本院委員傅崐萁、林思銘、游毓蘭等 18 人，有鑑於全國須進用身障者未達法定進用機關（構）數有逐年增加的趨勢，其中私立機關（構）更從105年的1,470 家至109 年 11月底增加至1,727 家；此外，法定應進用不足人數，私立機關（構）自105 年的 2,075 人至 109 年 11 月底已達 2,514 人，顯見企業對於進用身障者，仍有排斥身障者之刻板印象。為能落實定額進用制度，確保身障者就業權益，爰提出「身心障礙者權益保障法第九十六條條文修正草案」。是否有當？敬請公決。 "
6164,7,特殊教育法修正草案,2023/5/12,2023/5/29,三讀,1,1,1,0,蔡培慧,何欣純,,,,,,,,,,,,,,,,,,,,陳培瑜,陳靜敏,蘇巧慧,劉世芳,黃秀芳,許智傑,莊競程,林靜儀,王美惠,羅美玲,湯蕙禎,吳玉琴,陳秀寳,郭國文,洪申翰,陳歐珀,,,,,,,,,,,,,,,,,,,,,,,,,,,,,,,,,,,,,,,,,,,,,,,特殊教育法修正草案,本院委員蔡培慧、何欣純等 18 人，鑒於十二年國民基本教育課程綱要納入特殊教育課程，又自特殊教育法於七十三年制定公布實施後，歷經八次修正，惟自九十八年全案修正至今，已十年有餘，為符合社會變遷及教育環境等變動，並兼顧身心障礙者權利公約、兒童權利公約等理念，應將特殊教育之實施現況通盤檢討，爰擬具「特殊教育法」修正草案。是否有當？敬請公決。 
6167,7,特殊教育法第六條條文修正草案,2023/4/14,2023/5/29,三讀,1,1,1,0,萬美玲,洪孟楷,,,,,,,,,,,,,,,,,,,,翁重鈞,鄭天財,馬文君,鄭麗文,李德維,孔文吉,林為洲,廖婉汝,游毓蘭,羅明才,林德福,鄭正鈐,賴士葆,陳玉珍,楊瓊瓔,,,,,,,,,,,,,,,,,,,,,,,,,,,,,,,,,,,,,,,,,,,,,,,,特殊教育法第六條條文修正草案,本院委員萬美玲、洪孟楷等 17 人，鑒於「兒童權利公約」及「身心障礙者權利公約」皆有規定，兒童對影響自身之事務，有權自由表達其意見，然現行「特殊教育法」第六條第三項規定，各該主管機關辦理身心障礙學生鑑定及安置工作召開會議時應通知有關之學生家長列席，並未明確規定應通知學生，顯與公約之規定不符，實有改善之空間；另依「兒童及少年福利與權益保障法」第三十一條規定，政府應建立六歲以下兒童發展評估機制，對發展遲緩兒童，按其所需給予早期療育、醫療等各面向之特殊照顧，為讓學生兩階段之治療及輔導措施能保有一貫性並順利銜接，確有其必要於辦理鑑定學前教育階段之學生時，了解學生此前之各項狀況，爰擬具「特殊教育法第六條條文修正草案」，於第三項增訂應通知學生本人及其法定代理人、監護人或其他實際照顧者，並增訂第四項，要求辦理第一項鑑定學前教育階段業務時，主管教育機關應提供依兒少權法第三十一條規定辦理之學前教育階段兒童發展評估結果。是否有當？敬請公決。 
6173,7,特殊教育法修正草案,2023/5/12,2023/5/29,三讀,1,1,1,0,林宜瑾,,,,,,,,,,,,,,,,,,,,,楊曜,湯蕙禎,羅致政,黃秀芳,李昆澤,沈發惠,吳玉琴,江永昌,鍾佳濱,陳培瑜,林淑芬,邱泰源,林楚茵,余天,蔡易餘,張廖萬堅,賴品妤,,,,,,,,,,,,,,,,,,,,,,,,,,,,,,,,,,,,,,,,,,,,,,特殊教育法修正草案,本院委員林宜瑾等 18 人，有鑑於隨社會變遷教育環境亦大幅變化，實有修法以解決我國特殊教育困境之必要。舉例而言，特殊教育評鑑制度及執行方式便尚需檢討，遑論教學現場屢見未落實個別化教育計畫、未確實提供身心障礙學生適應體育課程等問題。同時，亦應秉持身心障礙者權利公約、兒童權利公約所提及融合教育、通用設計、合理調整及兒童表意等理念，針對本法做出通盤調整，爰擬具「特殊教育法」修正草案。是否有當？敬請公決。 
6179,7,特殊教育法部分條文修正草案,2023/4/28,2023/5/29,三讀,1,1,1,0,陳培瑜,羅致政,伍麗華,,,,,,,,,,,,,,,,,,,高嘉瑜,楊曜,湯蕙禎,鍾佳濱,陳靜敏,邱泰源,洪申翰,賴品妤,江永昌,陳秀寳,沈發惠,范雲,張廖萬堅,林楚茵,,,,,,,,,,,,,,,,,,,,,,,,,,,,,,,,,,,,,,,,,,,,,,,,,特殊教育法部分條文修正草案,本院委員陳培瑜、羅致政、伍麗華 Saidhai Tahovecahe 等 17 人，鑑於《身心障礙者權利公約》及《兒童權利公約》國際審查結論性意見均認我國對身心障礙學生權利保障不夠完備，且各界推動特殊教育時亦發現特殊教育諮詢會和學校特殊教育推行委員會未納入學生意見、特殊教育班班級人數上限及生師比嚴重過高、身心障礙學生之鑑定非由專業心理評量人員進行、教學現場屢見未落實個別化教育計畫等問題，現行《特殊教育法》實有修正之必要。爰提出「特殊教育法部分條文修正草案」，以因應近年教育環境、學習權益、教學觀念等大幅改變，確保身心障礙學生權益，減輕特殊教育教師過重且不合理之工作負擔，使其能有足夠時間心力陪伴身心障礙學生學習成長，兼顧國際公約審查委員建議融合教育、兒童表意等面向之改善。是否有當？敬請公決。 
6180,7,特殊教育法部分條文修正草案,2023/4/28,2023/5/29,三讀,1,1,1,0,吳思瑤,莊瑞雄,賴瑞隆,伍麗華,,,,,,,,,,,,,,,,,,陳靜敏,林宜瑾,羅致政,鍾佳濱,黃秀芳,王美惠,鄭運鵬,蔡易餘,張宏陸,賴品妤,黃世杰,范雲,,,,,,,,,,,,,,,,,,,,,,,,,,,,,,,,,,,,,,,,,,,,,,,,,,,特殊教育法部分條文修正草案,本院委員吳思瑤、莊瑞雄、賴瑞隆、伍麗華 Saidhai Tahovecahe等 16 人，有鑑於特殊教育法自九十八年大幅修正至今，整體教育環境及資源大幅變化，為因應社會變遷，並根據《身心障礙者權利公約》及《兒童權利公約》國際審查結論性意見，保障我國身心障礙學生表意權，檢討現行特殊教育法落實情形及不足之處，爰提出「特殊教育法」部分條文修正草案。是否有當？敬請公決。 
6188,7,特殊教育法修正草案,2023/5/12,2023/5/29,三讀,1,1,1,0,范雲,伍麗華,,,,,,,,,,,,,,,,,,,,蔡易餘,蔡培慧,蘇治芬,鍾佳濱,莊競程,劉世芳,吳秉叡,湯蕙禎,郭國文,高嘉瑜,趙正宇,吳思瑤,林宜瑾,賴品妤,陳秀寳,洪申翰,陳培瑜,,,,,,,,,,,,,,,,,,,,,,,,,,,,,,,,,,,,,,,,,,,,,,特殊教育法修正草案,本院委員范雲、伍麗華 Saidhai Tahovecahe 等 19 人，有鑑於〈特殊教育法〉距前次大幅修正至今已超過 10 年，現行教育環境大幅變化、特殊教育需求逐步提升、特教思維轉變、身心障礙者權利公約與兒童權利公約國內法化，本法確有必要予以修正，並針對特殊教育實務現場之執行問題加以檢討改善，以落實融合教育、通用設計、合理調整及兒童表意等理念，並保障身心障礙與資賦優異國民之受教權。爰擬具「特殊教育法修正草案」。是否有當？敬請公決。 
6210,7,特殊教育法第五條及第六條條文修正草案,2023/4/21,2023/5/29,三讀,1,1,1,0,廖婉汝,,,,,,,,,,,,,,,,,,,,,馬文君,溫玉霞,林為洲,洪孟楷,李德維,鄭天財,曾銘宗,陳琬惠,吳怡玎,林文瑞,徐志榮,張育美,王鴻薇,游毓蘭,楊瓊瓔,,,,,,,,,,,,,,,,,,,,,,,,,,,,,,,,,,,,,,,,,,,,,,,,特殊教育法第五條及第六條條文修正草案,本院委員廖婉汝等 16 人，地方政府依現行法規設立之「特殊教育諮詢會」遴聘家長代表、相關機關（構）及團體代表之委員，多數為家長會長協會成員或國中（小）學家長會長。實務上，身心障礙學生普遍家庭經濟弱勢、家長社經地位低，鮮少加入相關協會；產生之委員非身障學生家長，無從切身感受；與特殊學生學習、成長無相關背景，無法體認特殊孩子需求，委員甚未具特殊教育相關知能。為強化保障特教學生及幼兒學習權益，增列身障學生家長及特殊教育家長代表於「特殊教育諮詢會」，爰擬具「特殊教育法第五條及第六條條文修正草案」。是否有當？敬請公決。 
6268,7,考選部組織法修正草案,2023/4/21,2023/4/21,交付審查,0,0,0,0,賴品妤,,,,,,,,,,,,,,,,,,,,,許智傑,黃秀芳,陳秀寳,王美惠,范雲,郭國文,何志偉,吳思瑤,蘇巧慧,張宏陸,沈發惠,鍾佳濱,李昆澤,吳秉叡,林宜瑾,,,,,,,,,,,,,,,,,,,,,,,,,,,,,,,,,,,,,,,,,,,,,,,,考選部組織法修正草案,本院委員賴品妤等 16 人，有鑑於「考選部組織法」於 1994年修法以來已超過三十年未修正，惟社會環境變遷、數位科技發展蓬勃，組織法應隨時代演進而修正。又以，考試院雖針對身心障礙者之應試已於 2017 年制定「身心障礙者應國家考試權益維護辦法」，惟直至 2023 年才將協助聽覺障礙者之手語協助納入，顯見其對身心障礙者應試輔助上有極大改進空間。爰參身心障礙者權利公約（CRPD）精神，擬具「考選部組織法修正草案」，推動考選部能擁有友善思維、創造台灣的公平考試環境。是否有當？敬請公決。
6284,7,特殊教育法第九條條文修正草案,2023/4/21,2023/5/29,三讀,1,1,1,0,鄭麗文,費鴻泰,,,,,,,,,,,,,,,,,,,,溫玉霞,楊瓊瓔,陳玉珍,陳雪生,呂玉玲,賴香伶,孔文吉,曾銘宗,吳怡玎,賴士葆,翁重鈞,鄭天財,鄭正鈐,林思銘,高金素梅,,,,,,,,,,,,,,,,,,,,,,,,,,,,,,,,,,,,,,,,,,,,,,,,特殊教育法第九條條文修正草案,本院委員鄭麗文、費鴻泰等 17 人，有鑑於《特殊教育法》未明確定義各級政府編於特殊教育預算之補助辦法內容及範圍，故增訂身心障礙教育人事及業務經費應辦理之項目、程序與事項等，以符合明確性原則，保障特殊教育學生之權益並提升其教育品質，爰擬具「特殊教育法第九條條文修正草案」。是否有當？敬請公決。 
6335,7,特殊教育法第十六條條文修正草案,2023/5/5,2023/5/29,三讀,1,1,1,0,高金素梅,,,,,,,,,,,,,,,,,,,,,魯明哲,李德維,洪孟楷,廖國棟,張其祿,鄭天財,楊瓊瓔,鄭麗文,王鴻薇,廖婉汝,翁重鈞,徐志榮,游毓蘭,林為洲,鄭正鈐,陳以信,溫玉霞,傅崐萁,,,,,,,,,,,,,,,,,,,,,,,,,,,,,,,,,,,,,,,,,,,,,特殊教育法第十六條條文修正草案,本院委員高金素梅等 19 人，鑑於《身心障礙者權利公約》及《兒童權利公約》國際審查結論性意見均認我國對身心障礙學生權利保障不夠完備，爰提出「特殊教育法第十六條條文修正草案」，比照歐美先進國家設置專責評估人員，以保障我國特殊教育學生、資賦優異學生及幼兒權益。是否有當？敬請公決。 
6336,7,身心障礙者權益保障法增訂第五十條之一條文草案,2023/4/28,2023/4/28,交付審查,0,0,0,0,徐志榮,,,,,,,,,,,,,,,,,,,,,賴士葆,曾銘宗,吳斯懷,陳椒華,王鴻薇,賴香伶,林德福,林昶佐,鄭正鈐,萬美玲,陳玉珍,吳怡玎,洪孟楷,游毓蘭,羅明才,楊瓊瓔,,,,,,,,,,,,,,,,,,,,,,,,,,,,,,,,,,,,,,,,,,,,,,,身心障礙者權益保障法增訂第五十條之一條文草案,本院委員徐志榮等 17 人，有鑑於身心障礙者權益保障法之立法核心，乃在於保障身心障礙者能尊嚴、平等參與及融入社會、社區生活；本法第一條之宗旨，亦彰顯為維護身心障礙者之權益，保障其平等參與社會、政治、經濟、文化等之機會，促進其自立及發展，而「個人協助服務」乃支持身心障礙者在社區自立生活及融入社區最重要的支持性服務，不只聯合國身心障礙者權利公約第 19 條（CRPD）、第五號一般性意見也詳細提到這項服務，是故，個人協助制度入法，實有其必要性，爰擬具「身心障礙者權益保障法增訂第五十條之一條文草案」。是否有當？敬請公決。 
6363,7,特殊教育法第三十三條條文修正草案,2023/4/28,2023/5/29,三讀,1,1,1,0,鄭麗文,鄭正鈐,,,,,,,,,,,,,,,,,,,,陳超明,張其祿,陳玉珍,陳椒華,洪孟楷,萬美玲,曾銘宗,廖國棟,孔文吉,徐志榮,鄭天財,李德維,游毓蘭,呂玉玲,,,,,,,,,,,,,,,,,,,,,,,,,,,,,,,,,,,,,,,,,,,,,,,,,特殊教育法第三十三條條文修正草案,本院委員鄭麗文、鄭正鈐等 16 人，有鑑於特殊教育實務上提供支持服務者為學校及幼兒園，修正特殊教育支持服務提供主體及提供內容；配合教育需求之支持服務相關項目增訂特殊教育相關專業服務、適應體育服務、特殊需求領域課程綱要之相關服務；相關食物增訂提供無法自行上下學身心障礙學生相關交通服務之評估程序。為符合本法條設立教育需求為目的，裨益特殊教育之教學品質，爰擬具「特殊教育法第三十三條條文修正草案」。是否有當？敬請公決。 
6371,7,特殊教育法部分條文修正草案,2023/4/28,2023/5/29,三讀,1,1,1,1,張其祿,邱臣遠,吳欣盈,陳琬惠,賴香伶,,,,,,,,,,,,,,,,,,,,,,,,,,,,,,,,,,,,,,,,,,,,,,,,,,,,,,,,,,,,,,,,,,,,,,,,,,,,,,,特殊教育法部分條文修正草案,本院台灣民眾黨黨團，為配合身心障礙者權利公約、兒童權利公約落實於我國特殊教育，保障相關學生受教權益，及改善特教教師教學環境之困境，確保法規能夠符合實務上之特殊教育發展需求，爰擬具「特殊教育法部分條文修正草案」。是否有當？敬請公決。 
6420,7,特殊教育法第十六條條文修正草案,2023/5/5,2023/5/29,三讀,1,1,1,0,鄭正鈐,楊瓊瓔,,,,,,,,,,,,,,,,,,,,鄭麗文,林文瑞,李德維,翁重鈞,洪孟楷,鄭天財,吳怡玎,溫玉霞,張育美,高金素梅,廖婉汝,曾銘宗,吳斯懷,陳玉珍,,,,,,,,,,,,,,,,,,,,,,,,,,,,,,,,,,,,,,,,,,,,,,,,,特殊教育法第十六條條文修正草案,本院委員鄭正鈐、楊瓊瓔等 16 人，有鑑於教育環境、資源大幅變化，兼顧身心障礙者權利公約，現行特殊教育法第十六條顯有修正之必要。爰擬具「特殊教育法第十六條條文修正草案」。是否有當？敬請公決。 
6432,7,家庭暴力防治法第五十條條文修正草案,2023/5/5,2023/11/21,三讀,1,1,1,0,邱志偉,蘇震清,陳亭妃,,,,,,,,,,,,,,,,,,,何欣純,吳琪銘,林宜瑾,羅美玲,鄭運鵬,王美惠,蔡適應,林楚茵,陳歐珀,蔡易餘,陳素月,陳明文,湯蕙禎,張廖萬堅,陳秀寳,陳靜敏,,,,,,,,,,,,,,,,,,,,,,,,,,,,,,,,,,,,,,,,,,,,,,,家庭暴力防治法第五十條條文修正草案,本院委員邱志偉、蘇震清、陳亭妃等 19 人，鑒於目前《家庭暴力防治法》僅將醫事人員、社會工作人員、教育人員、保育人員、警察人員、移民業務人員列為責任通報人員，經查衛福部「家庭暴力事件通報案件」歷年統計表，除《家庭暴力防治法》所列上開人員外，衛福部也將教保服務人員、村（里）長與村（里）幹事納入家暴事件通報統計。另查《兒童及少年福利與權益保障法》、《身心障礙者權益保障法》及《老人福利法》均將村（里）長或村（里）幹事列入責任通報人員。為完善家暴事件被害人的通報保護網路，並強化社會安全網，讓更多高風險家庭能及時獲得必要協助，爰擬具「家庭暴力防治法第五十條條文修正草案」，將教保服務人員與村（里）幹事增列為責任通報人員，建立家暴零容忍的社區意識。是否有當？敬請公決。 
6437,7,特殊教育法修正草案,2023/5/12,2023/5/29,三讀,1,1,1,0,萬美玲,楊瓊瓔,,,,,,,,,,,,,,,,,,,,鄭天財,高金素梅,王鴻薇,李德維,林德福,曾銘宗,林思銘,謝衣鳯,游毓蘭,翁重鈞,鄭麗文,鄭正鈐,孔文吉,羅明才,,,,,,,,,,,,,,,,,,,,,,,,,,,,,,,,,,,,,,,,,,,,,,,,,特殊教育法修正草案,本院委員萬美玲、楊瓊瓔等 16 人，鑒於現行「特殊教育法」於自 98 年起即未全案修正，其規定與實務執行狀況多有落差，亦有多處未符合「兒童權利公約」及「身心障礙者權利公約」之精神與理念。且現行特殊教育評鑑制度及執行方式仍有許多窒礙難行之處，諸多學校未能確實提供身障學生及幼兒適應體育課程，及校園無障礙學習環境不符規範或通用設計精神，於教育現場亦屢見未落實個別化教育計畫，資賦優異學生及幼兒特殊教育之規定多有疏漏等問題，現行「特殊教育法」顯有必要依當前我國特殊教育之實施現況進行通盤檢討，為使「特殊教育法」符合《身心障礙者權利公約》及《兒童權利公約》之精神及理念，並提升我國特殊教育之實施品質，爰擬具「特殊教育法修正草案」。是否有當？敬請公決。 
6455,7,特殊教育法修正草案,2023/5/12,2023/5/29,三讀,1,1,1,0,楊瓊瓔,,,,,,,,,,,,,,,,,,,,,鄭麗文,廖國棟,陳以信,萬美玲,李德維,陳雪生,鄭天財,孔文吉,吳怡玎,林思銘,林文瑞,游毓蘭,鄭正鈐,吳斯懷,謝衣鳯,魯明哲,,,,,,,,,,,,,,,,,,,,,,,,,,,,,,,,,,,,,,,,,,,,,,,特殊教育法修正草案,本院委員楊瓊瓔等 17 人，有鑑於實務上推動特殊教育時，發現學校教學現場屢見未落實個別化教育計畫、疏於訂定資賦優異學生之特殊教育方案、學校未確實提供身心障礙學生適應體育課程、校園無障礙學習環境改善不符規範或通用設計精神、特殊教育學生生涯轉銜與追蹤方式消極被動等情形。故為符合社會變遷及教育環境、資源之大幅變化，並兼顧身心障礙者權利公約、兒童權利公約，實有必要將該法予以檢討修正，以因應我國特殊教育發展需求。爰擬具「特殊教育法修正草案」。是否有當？敬請公決。 
6504,7,身心障礙者權益保障法第三十八條條文修正草案,2023/5/19,2023/5/19,交付審查,0,0,0,0,羅致政,,,,,,,,,,,,,,,,,,,,,王美惠,陳歐珀,何欣純,吳琪銘,賴惠員,邱泰源,江永昌,莊瑞雄,湯蕙禎,吳玉琴,黃世杰,郭國文,羅美玲,莊競程,陳素月,,,,,,,,,,,,,,,,,,,,,,,,,,,,,,,,,,,,,,,,,,,,,,,,身心障礙者權益保障法第三十八條條文修正草案,本院委員羅致政等 16 人，有鑑於身心障礙者就業環境之提升，為促進身心障礙者工作機會，提升身心障礙者公部門進用之比例，爰擬具「身心障礙者權益保障法第三十八條條文修正草案」。是否有當？敬請公決。 
6627,7,職能治療師法第九條、第十二條及第十四條條文修正草案,2023/5/26,2023/12/8,三讀,1,1,1,0,洪申翰,王定宇,,,,,,,,,,,,,,,,,,,,王美惠,陳歐珀,黃世杰,蘇巧慧,郭國文,伍麗華,張宏陸,范雲,陳素月,賴品妤,羅美玲,林昶佐,陳培瑜,湯蕙禎,,,,,,,,,,,,,,,,,,,,,,,,,,,,,,,,,,,,,,,,,,,,,,,,,職能治療師法第九條、第十二條及第十四條條文修正草案,本院委員洪申翰、王定宇等 16 人，有鑒於職能治療師依現行法規執行相關業務，必須由醫師開具之職能治療診斷、照會或醫囑後方能執行。隨著健康促進、傷病預防等非以疾病治療為目的之職能治療服務需求日益增加，另外，各領域例如《特殊教育法》、《身心障礙者權益保障法》、《長期照顧服務法》、《老人福利法》、《兒童及少年福利與權益保障法》、《勞工健康保護規則》等相關法規，業已涵蓋職能治療師之重要角色。為提供民眾職能治療之可近、便利性，俾使提升國民健康，增進民眾福祉。爰擬具「職能治療師法第九條、第十二條及第十四條條文修正草案」。是否有當？敬請公決。 
6635,7,兒童及少年福利與權益保障法第三十三條之一條文修正草案,2023/5/26,2023/5/26,交付審查,0,0,0,0,謝衣鳯,,,,,,,,,,,,,,,,,,,,,李德維,鄭麗文,陳超明,孔文吉,廖婉汝,游毓蘭,林德福,吳斯懷,翁重鈞,萬美玲,溫玉霞,林文瑞,林思銘,鄭正鈐,洪孟楷,,,,,,,,,,,,,,,,,,,,,,,,,,,,,,,,,,,,,,,,,,,,,,,,兒童及少年福利與權益保障法第三十三條之一條文修正草案,本院委員謝衣鳯等 16 人，認為附設之公共停車場現行法律已明定應保留百分之二之汽車停車位，作為孕婦、育有六歲以下兒童者之停車位，而公有路外停車場做為公共停車空間之一環，除設置身心障礙者之專用停車格外，亦應比照附設之公共停車場設置孕婦之專用停車位。爰擬具「兒童及少年福利與權益保障法第三十三條之一條文修正草案」。是否有當？敬請公決。 
6788,8,身心障礙者權益保障法第十六條條文修正草案,2023/10/3,2023/10/3,交付審查,0,0,0,0,羅致政,許智傑,何志偉,,,,,,,,,,,,,,,,,,,王美惠,邱議瑩,吳玉琴,湯蕙禎,吳思瑤,江永昌,林靜儀,陳培瑜,賴惠員,陳秀寳,何欣純,陳歐珀,邱泰源,,,,,,,,,,,,,,,,,,,,,,,,,,,,,,,,,,,,,,,,,,,,,,,,,,身心障礙者權益保障法第十六條條文修正草案,本院委員羅致政、許智傑、何志偉等 16 人，有鑑於落實身心障礙者權利公約禁止歧視、合理調整等概念，並確保身心障礙者自由、平等、尊嚴等對待，爰擬具「身心障礙者權益保障法第十六條條文修正草案」。是否有當？敬請公決。 
6814,8,外國專業人才延攬及僱用法增訂第二十一條之一條文草案,2023/10/13,2023/10/13,交付審查,0,0,0,0,王定宇,羅美玲,,,,,,,,,,,,,,,,,,,,王美惠,鄭運鵬,賴惠員,陳素月,趙天麟,洪申翰,湯蕙禎,陳培瑜,吳玉琴,鍾佳濱,何志偉,莊競程,林靜儀,邱泰源,吳思瑤,陳歐珀,張廖萬堅,林楚茵,,,,,,,,,,,,,,,,,,,,,,,,,,,,,,,,,,,,,,,,,,,,,外國專業人才延攬及僱用法增訂第二十一條之一條文草案,本院委員王定宇、羅美玲等 20 人，鑒於部分在台工作並久居之外籍人士，因身障或失能情事，衍生身障服務或長期照顧服務需求，惟無法妥善獲得本國相關服務資源。本席等認為，社會福利以提供本國國民為基本原則，考量國際間平等互惠原則、國家整體福利資源有限，考量具永久居留權之外國專業人才及中階技術人力，多已在台工作納稅一定期間，應享有與國人同等之福利照顧。為兼顧外國人友善生活環境、並衡酌我國社會福利資源有效運用，擬於「外國專業人才延攬及僱用法」中就是類人員符合一定條件者，適用身心障礙及長期照顧之部分服務項目，爰擬具「外國專業人才延攬及僱用法增訂條文第二十一條之一草案」，擬針對與其生命法益、基本生存權益最相關之服務項目，提供外國專業人才適用相關權益。增訂外國專業人才、外國特定專業人才、外國高級專業人才及其依親親屬，符合一定條件者，適用身心障礙及長期照顧之部分服務項目之規定。是否有當？敬請公決。 
6832,8,監獄行刑法部分條文修正草案,2023/10/13,2023/10/13,交付審查,0,0,0,0,傅崐萁,林思銘,,,,,,,,,,,,,,,,,,,,萬美玲,鄭天財,魯明哲,溫玉霞,游毓蘭,李德維,費鴻泰,羅明才,徐志榮,吳斯懷,林德福,孔文吉,吳怡玎,洪孟楷,陳雪生,鄭正鈐,,,,,,,,,,,,,,,,,,,,,,,,,,,,,,,,,,,,,,,,,,,,,,,監獄行刑法部分條文修正草案,本院委員傅崐萁、林思銘等 18 人，有鑑於聯合國對於監獄人權之保障與維護已有明確標準及規範，我國近年來雖持續推動改善監所收容人之人權，但距離國際人權標準仍有進步空間。爰此，就戒護管理、保障性別人權與身心障礙權益等問題擬具「監獄行刑法部分條文修正草案」。是否有當？敬請公決。 
6835,8,身心障礙者權益保障法第五十三條條文修正草案,2023/10/13,2023/10/13,交付審查,0,0,0,0,傅崐萁,,,,,,,,,,,,,,,,,,,,,鄭天財,林德福,李德維,吳怡玎,林思銘,吳斯懷,游毓蘭,徐志榮,孔文吉,鄭正鈐,洪孟楷,魯明哲,楊瓊瓔,呂玉玲,溫玉霞,羅明才,,,,,,,,,,,,,,,,,,,,,,,,,,,,,,,,,,,,,,,,,,,,,,,身心障礙者權益保障法第五十三條條文修正草案,本院委員傅崐萁等 17 人，有鑑於運輸營業之路線、航線或區域內提供無障礙空間尚未完善，過去曾有公車站牌附近人行道遭公共設施擋住公車渡板延伸放置位置，因此上車受到阻礙之情事。我國對於身心障礙者權利公約第二十九條指明國家應確保身心障礙者有平等享有交通運輸及設施之權利，因此為保障我國身心障礙者權益，爰擬具「身心障礙者權益保障法第五十三條條文修正草案」。是否有當？敬請公決。 
6876,8,學生輔導法部分條文修正草案,2023/12/8,2023/12/8,交付審查,0,0,0,0,陳培瑜,張廖萬堅,黃國書,林靜儀,伍麗華,林宜瑾,趙正宇,莊競程,,,,,,,,,,,,,,陳瑩,黃秀芳,邱顯智,蔡適應,羅美玲,陳秀寳,羅致政,蔡培慧,江永昌,陳靜敏,王婉諭,王美惠,陳椒華,林昶佐,林楚茵,林淑芬,洪申翰,,,,,,,,,,,,,,,,,,,,,,,,,,,,,,,,,,,,,,,,,,,,,,學生輔導法部分條文修正草案,本院委員陳培瑜、張廖萬堅、黃國書、林靜儀、伍麗華Saidhai Tahovecahe、林宜瑾、趙正宇、莊競程等 25 人，鑒於衛生福利部 2022 年統計青少年自殺率近 20 年來持續攀升，已然成為學生十大死因第二名，自殺通報率 5 年間成長率超過 100%，且當今學生面臨影響其身心健康之議題涉及貧窮、脆弱家庭、司法案件、疾病、身心障礙等，遠較 2014 年制定時多元複雜。為完整建構學生身心健康及全人發展之支持性環境，爰擬具「學生輔導法部分條文修正草案」。是否有當？敬請公決。 
7017,8,公民投票法第七條條文修正草案,2023/11/10,2023/11/10,交付審查,0,0,0,0,黃世杰,,,,,,,,,,,,,,,,,,,,,陳亭妃,吳思瑤,邱議瑩,林淑芬,鄭運鵬,羅致政,林靜儀,沈發惠,劉建國,湯蕙禎,張廖萬堅,陳培瑜,郭國文,江永昌,蔡適應,,,,,,,,,,,,,,,,,,,,,,,,,,,,,,,,,,,,,,,,,,,,,,,,公民投票法第七條條文修正草案,本院委員黃世杰等 16 人，為落實身心障礙者權利公約之精神，爰擬具「公民投票法第七條條文修正草案」。是否有當？敬請公決。 
7136,8,規費法第十二條條文修正草案,2023/12/1,2023/12/1,交付審查,0,0,0,0,江啟臣,,,,,,,,,,,,,,,,,,,,,李德維,溫玉霞,吳怡玎,林思銘,曾銘宗,王鴻薇,洪孟楷,吳斯懷,游毓蘭,傅崐萁,萬美玲,陳以信,賴士葆,林德福,費鴻泰,翁重鈞,,,,,,,,,,,,,,,,,,,,,,,,,,,,,,,,,,,,,,,,,,,,,,,規費法第十二條條文修正草案,本院委員江啟臣等 17 人，鑒於憲法明定保障弱勢、濟弱扶傾為國家義務，故制定各項法律給予扶助或濟助以維持其基本生活所需，以落實憲法意旨。現行規費法僅針對老人、身心障礙者、低收入戶、學生得予免徵、減徵或停徵規費，為擴大照顧弱勢，減少其生活支出，緩解經濟壓力，爰擬具「規費法第十二條條文修正草案」，增列中低收入戶及特殊境遇家庭為適用對象。是否有當？敬請公決。 
7138,8,國民年金法第五十四條之一條文修正草案,2023/12/1,2023/12/1,交付審查,0,0,0,0,江啟臣,傅崐萁,,,,,,,,,,,,,,,,,,,,李德維,吳怡玎,林思銘,王鴻薇,曾銘宗,溫玉霞,吳斯懷,林為洲,孔文吉,賴士葆,林德福,羅明才,費鴻泰,翁重鈞,廖國棟,,,,,,,,,,,,,,,,,,,,,,,,,,,,,,,,,,,,,,,,,,,,,,,,國民年金法第五十四條之一條文修正草案,本院委員江啟臣、傅崐萁等 17 人，鑒於國民年金法係為保障國民於老年、生育及發生身心障礙時之基本經濟安全，然現行年金給付金額採每四年調整一次，顯無法適時反應當前經濟現況，不利國民維繫基本生活。爰擬具「國民年金法第五十四條之一條文修正草案」，將給付金額每四年調整一次修正為每年調整一次，以保障國民老年生活，確保其基本經濟安全。是否有當？敬請公決。 
7143,8,兒童及少年福利與權益保障法第七十七條條文修正草案,2023/12/1,2023/12/1,交付審查,0,0,0,0,趙天麟,林楚茵,,,,,,,,,,,,,,,,,,,,莊瑞雄,鍾佳濱,陳椒華,許智傑,陳歐珀,蔡易餘,湯蕙禎,吳琪銘,陳培瑜,羅美玲,林昶佐,吳思瑤 ,張其祿,林為洲,洪申翰,江永昌,陳素月,,,,,,,,,,,,,,,,,,,,,,,,,,,,,,,,,,,,,,,,,,,,,,兒童及少年福利與權益保障法第七十七條條文修正草案,本院委員趙天麟、林楚茵等 19 人，為保障進入早期療育機構（含專辦及兼辦）日間托育學齡前發展遲緩或身心障礙之幼兒，落實兒童及少年平等之保險權，保障其就學權益，爰擬具「兒童及少年福利與權益保障法第七十七條條文修正草案」。是否有當？敬請公決。 
7187,8,身心障礙者權益保障法第七十六條條文修正草案,2023/12/8,2023/12/8,交付審查,0,0,0,0,蘇巧慧,賴瑞隆,莊瑞雄,張宏陸,,,,,,,,,,,,,,,,,,沈發惠,余天,羅美玲,吳玉琴,陳培瑜,林楚茵,鍾佳濱,陳明文,賴惠員,邱泰源,郭國文,莊競程,,,,,,,,,,,,,,,,,,,,,,,,,,,,,,,,,,,,,,,,,,,,,,,,,,,身心障礙者權益保障法第七十六條條文修正草案,本院委員蘇巧慧、賴瑞隆、莊瑞雄、張宏陸等 16 人，為落實以家庭為中心觀點，強化社會安全網支持系統，將身心障礙者之家庭成員納入整合性服務提供範圍，俾利執行高風險預防與介入，爰擬具「身心障礙者權益保障法第七十六條條文修正草案」。是否有當？敬請公決。 
